광고소재명,광고소재등록일,광고소재초수,대업종 분류,중업종 분류,소업종 분류,광고주명,광고회사명,광고제작사,실제재생초수,AISAC_URL
미래엔 초코 : 클래스가 다르다편,2024-07-31,15.0,출판,초등학생용교재,초등학생용학습지,(주)미래엔,(주)디블렌트,(주)디블렌트,30.03,https://aisac.kobaco.co.kr/site/main/advideo/video/uu/861175H01_1_24-TJ-07-041
미래엔 초코 : 클래스가 다르다편,2024-07-31,15.0,출판,초등학생용교재,초등학생용학습지,(주)미래엔,(주)디블렌트,(주)디블렌트,30.03,https://aisac.kobaco.co.kr/site/main/advideo/video/uu/861175H01_1_24-TJ-07-041
쇼박스 사랑의 하츄핑 : 리뷰 예고편,2024-07-31,15.0,서비스,문화및공연,영화,주식회사쇼박스,주식회사 에이치에스애드,줌인미디어,15.02,https://aisac.kobaco.co.kr/site/main/advideo/video/uu/861203H01_1_24-TJ-07-067
쿠쿠전자 쿠쿠프리존인덕션 : 나는편,2024-07-31,15.0,가정용품,주방용품,가스렌지 및 전기렌지,쿠쿠전자(주),(주)대홍기획,대홍기획,15.02,https://aisac.kobaco.co.kr/site/main/advideo/video/uu/861193H01_1_24-TJ-07-068
비알코리아 배스킨라빈스 : 언빌리버블편,2024-07-31,15.0,식품,아이스크림,아이스크림제품종합,비알코리아(주),(주)제일기획,제일기획,15.02,https://aisac.kobaco.co.kr/site/main/advideo/video/uu/861223H01_1_24-TX-07-082
미래엔 초코 : 클래스가 다르다편,2024-07-31,30.0,출판,초등학생용교재,초등학생용학습지,(주)미래엔,(주)디블렌트,(주)디블렌트,30.03,https://aisac.kobaco.co.kr/site/main/advideo/video/uu/861175H01_1_24-TJ-07-041
미래엔 초코 : 클래스가 다르다편,2024-07-31,30.0,출판,초등학생용교재,초등학생용학습지,(주)미래엔,(주)디블렌트,(주)디블렌트,30.03,https://aisac.kobaco.co.kr/site/main/advideo/video/uu/861175H01_1_24-TJ-07-041
장스푸드 크랑이치킨 : 내려온다 E태호편,2024-07-31,30.0,식품,축산품,치킨가공품,주식회사장스푸드,직거래,(주)장스푸드,30.03,https://aisac.kobaco.co.kr/site/main/advideo/video/uu/861241H01_1_24-TJ-07-085
퀘이커즈 AFK 새로운 여정 : 사전예약편,2024-07-31,15.0,컴퓨터및정보통신,컴퓨터게임,모바일게임,퀘이커즈,(주)디블렌트,(주)디블렌트,15.02,https://aisac.kobaco.co.kr/site/main/advideo/video/uu/861230H01_1_24-TJ-07-078
이베스트투자증권 LS증권 : 등장편,2024-07-31,15.0,"금융,보험및증권",주식및유가증권,주식증권,이베스트투자증권(주),주식회사 에이치에스애드,(주)에이치에스애드,15.02,https://aisac.kobaco.co.kr/site/main/advideo/video/uu/861173H01_1_24-TJ-07-037
부산광역시청 부산시 정책 관심 캠페인 : 보입니다편,2024-07-31,30.0,관공서및단체,중앙및지방관공서,지방자치단체,부산광역시청,,,30.03,https://aisac.kobaco.co.kr/site/main/advideo/video/uu/861215H01_1_24-HC-07-116
쿠쿠전자 쿠쿠프리존인덕션 : 그만편,2024-07-31,15.0,가정용품,주방용품,가스렌지 및 전기렌지,쿠쿠전자(주),(주)대홍기획,대홍기획,15.02,https://aisac.kobaco.co.kr/site/main/advideo/video/uu/861238H01_1_24-TJ-07-084
한국존슨앤드존슨 멀티포컬 : 시작하세요편,2024-07-31,15.0,정밀기기및사무기기,이광학기기,안경및콘택트렌즈,한국존슨앤존슨,,,15.02,https://aisac.kobaco.co.kr/site/main/advideo/video/uu/861228H01_1_24-HC-07-118
한국포도협회 우리포도 : 왔구나편,2024-07-31,15.0,식품,농산품,과실류원산,(사)한국포도협회,(주)붐커뮤니케이션,(주)붐커뮤니케이션,15.02,https://aisac.kobaco.co.kr/site/main/advideo/video/uu/861196H01_1_24-TJ-07-054
한국인삼공사 정관장 : 종합편,2024-07-31,30.0,식품,건강식품,건강식품제품종합,(주)한국인삼공사,(주)제일기획,제일기획,15.02,https://aisac.kobaco.co.kr/site/main/advideo/video/uu/862001H01_1_24-TH-08-536
한국인삼공사 정관장 : 종합편,2024-07-31,30.0,식품,건강식품,건강식품제품종합,(주)한국인삼공사,(주)제일기획,제일기획,15.02,https://aisac.kobaco.co.kr/site/main/advideo/video/uu/862001H01_1_24-TH-08-536
한국존슨앤드존슨  아큐브 오아시스 맥스 원데이 멀티포컬 : 박세리편,2024-07-31,30.0,제약및의료,"이비인후,치과및안과용제","이비인후,치과및안과용제기타",한국존슨앤드존슨,,,30.03,https://aisac.kobaco.co.kr/site/main/advideo/video/uu/861227H01_1_24-HC-07-119
"헤일리온코리아 센트룸 구미 : 건강, 이제 맛있게 챙기자편",2024-07-31,15.0,식품,건강식품,건강식품기타,헤일리온코리아주식회사,레오버넷(주),(주)휘닉스커뮤니케이션즈,15.02,https://aisac.kobaco.co.kr/site/main/advideo/video/uu/861192H01_1_24-TJ-07-069
이베스트투자증권 LS증권 : 투혼편,2024-07-31,30.0,"금융,보험및증권",주식및유가증권,주식증권,이베스트투자증권(주),주식회사 에이치에스애드,(주)에이치에스애드,15.02,https://aisac.kobaco.co.kr/site/main/advideo/video/uu/861521H01_1_24-TH-08-208
이베스트투자증권 LS증권 : 투혼편,2024-07-31,30.0,"금융,보험및증권",주식및유가증권,주식증권,이베스트투자증권(주),주식회사 에이치에스애드,(주)에이치에스애드,15.02,https://aisac.kobaco.co.kr/site/main/advideo/video/uu/861521H01_1_24-TH-08-208
한국인삼공사 정관장: 종합편,2024-07-31,30.0,식품,건강식품,건강식품제품종합,한국인삼공사,(주)제일기획,제일기획,30.03,https://aisac.kobaco.co.kr/site/main/advideo/video/uu/861182H01_1_24-TJ-07-045
종근당건강 프로메가 : 브랜드편,2024-07-31,15.0,식품,건강식품,건강보조식품,종근당건강(주),(주)벨커뮤니케이션즈,(주)에이치에스애드,15.02,https://aisac.kobaco.co.kr/site/main/advideo/video/uu/862569H01_1_24-TH-09-028
종근당건강 프로메가 : 브랜드편,2024-07-31,15.0,식품,건강식품,건강보조식품,종근당건강(주),(주)벨커뮤니케이션즈,(주)에이치에스애드,,
에치와이 하루야채30 : 하루 건강편,2024-07-31,15.0,음료및기호식품,비알콜음료,기타과실음료,(주)에치와이,(주)이노션,(주)애드쿠아인터렉티브,15.02,https://aisac.kobaco.co.kr/site/main/advideo/video/uu/861197H01_1_24-TJ-07-055
LG전자 기업PR : 종합편,2024-07-31,30.0,그룹및기업광고,그룹광고,그룹PR,엘지전자(주),주식회사 에이치에스애드,(주)에이치에스애드,30.03,https://aisac.kobaco.co.kr/site/main/advideo/video/uu/861171H01_1_24-TJ-07-039
쿠쿠전자 : 쿠쿠 셰프스틱 프리존 인덕션,2024-07-31,15.0,가정용품,주방용품,가스렌지 및 전기렌지,쿠쿠전자(주),(주)대홍기획,대홍기획,15.02,https://aisac.kobaco.co.kr/site/main/advideo/video/uu/863930H01_1_24-TH-09-971
이베스트투자증권 LS증권 : 투혼편,2024-07-31,30.0,"금융,보험및증권",주식및유가증권,주식증권,이베스트투자증권(주),주식회사 에이치에스애드,(주)에이치에스애드,15.02,https://aisac.kobaco.co.kr/site/main/advideo/video/uu/861521H01_1_24-TH-08-208
이베스트투자증권 LS증권 : 투혼편,2024-07-31,30.0,"금융,보험및증권",주식및유가증권,주식증권,이베스트투자증권(주),주식회사 에이치에스애드,(주)에이치에스애드,15.02,https://aisac.kobaco.co.kr/site/main/advideo/video/uu/861521H01_1_24-TH-08-208
에치와이 하루야채 30 : 왕의 밥상편,2024-07-31,15.0,음료및기호식품,비알콜음료,기타과실음료,(주)에치와이,(주)이노션,(주)애드쿠아인터렉티브,15.02,https://aisac.kobaco.co.kr/site/main/advideo/video/uu/861195H01_1_24-TJ-07-056
캐롯손해보험 캐롯 : 할인의 신세계,2024-07-31,15.0,"금융,보험및증권",금융및보험,손해보험,캐롯손해보험주식회사,(주)에스엠컬처앤콘텐츠 광고사업부문,(주)에스엠컬처앤콘텐츠 광고사업부문,15.02,https://aisac.kobaco.co.kr/site/main/advideo/video/uu/861181H01_1_24-TJ-07-046
한국인삼공사 정관장 : 종합편,2024-07-31,15.0,식품,건강식품,건강식품제품종합,한국인삼공사,(주)제일기획,제일기획,15.02,https://aisac.kobaco.co.kr/site/main/advideo/video/uu/862001H01_1_24-TH-08-536
한국인삼공사 정관장 : 종합편,2024-07-31,15.0,식품,건강식품,건강식품제품종합,한국인삼공사,(주)제일기획,제일기획,15.02,https://aisac.kobaco.co.kr/site/main/advideo/video/uu/862001H01_1_24-TH-08-536
삼성전자 : Galaxy Brand 15초,2024-07-31,15.0,컴퓨터및정보통신,통신기기,휴대폰,삼성전자(주),(주)제일기획,제일기획,15.02,https://aisac.kobaco.co.kr/site/main/advideo/video/uu/861174H01_1_24-TJ-07-042
경기도교육청 : 지역교육협력 플랫폼 경기공유학교 홍보,2024-07-31,15.0,관공서및단체,중앙및지방관공서,지방자치단체,경기도교육청,한국언론진흥재단,주식회사 메이크어스,15.02,https://aisac.kobaco.co.kr/site/main/advideo/video/uu/861180H01_1_24-TJ-07-043
엘지전자 : LG 퓨리케어 얼음정수기,2024-07-31,30.0,가정용전기전자,주방용전기전자,주방용전기전자기타,엘지전자(주),주식회사 에이치에스애드,디렉터스컴퍼니,30.03,https://aisac.kobaco.co.kr/site/main/advideo/video/uu/861194H01_1_24-TJ-07-059
장스푸드 : 60계 크크크치킨 이벤트,2024-07-31,15.0,식품,축산품,치킨가공품,주식회사장스푸드,직거래,(주)장스푸드,30.03,https://aisac.kobaco.co.kr/site/main/advideo/video/uu/868510H01_1_25-TH-01-709
이베스트투자증권 : LS증권 CI편,2024-07-31,30.0,"금융,보험및증권",주식및유가증권,주식증권,이베스트투자증권(주),주식회사 에이치에스애드,(주)에이치에스애드,15.02,https://aisac.kobaco.co.kr/site/main/advideo/video/uu/861524H01_1_24-TH-08-210
이베스트투자증권  LS증권 : 투혼편,2024-07-30,15.0,"금융,보험및증권",주식및유가증권,주식증권,이베스트투자증권(주),주식회사 에이치에스애드,(주)에이치에스애드,15.02,https://aisac.kobaco.co.kr/site/main/advideo/video/uu/861521H01_1_24-TH-08-208
링티 : 직장인편,2024-07-30,15.0,음료및기호식품,음료및기호식품기타,음료및기호식품기타,주식회사링티,(주)애드쿠아인터렉티브,(주)애드쿠아인터렉티브,15.02,https://aisac.kobaco.co.kr/site/main/advideo/video/uu/861678H01_1_24-TH-08-336
링티 : 직장인편,2024-07-30,15.0,음료및기호식품,음료및기호식품기타,음료및기호식품기타,주식회사링티,(주)애드쿠아인터렉티브,(주)애드쿠아인터렉티브,,
한국타이어앤테크놀로지 티스테이션 : 휴일지킴 서비스편,2024-07-30,15.0,화학공업,고무및플라스틱,타이어,한국타이어앤테크놀로지(주),(주)이노션,크리에이티브멋,15.02,https://aisac.kobaco.co.kr/site/main/advideo/video/uu/861140H01_1_24-TJ-07-014
한국존슨앤드존슨 아규브 오아시스 맥스 원데이 멀티포컬 :  박세리편,2024-07-30,30.0,제약및의료,"이비인후,치과및안과용제","이비인후,치과및안과용제제품종합",한국존슨앤드존슨,,,15.02,https://aisac.kobaco.co.kr/site/main/advideo/video/uu/861146H01_1_24-HC-07-111
한국존슨앤드존슨 아규브 오아시스 맥스 원데이 멀티포컬 :  박세리편,2024-07-30,30.0,제약및의료,"이비인후,치과및안과용제","이비인후,치과및안과용제제품종합",한국존슨앤드존슨,,,15.02,https://aisac.kobaco.co.kr/site/main/advideo/video/uu/861146H01_1_24-HC-07-111
한국존슨앤드존슨 아규브 오아시스 맥스 원데이 멀티포컬 :  박세리편,2024-07-30,15.0,제약및의료,"이비인후,치과및안과용제","이비인후,치과및안과용제제품종합",한국존슨앤드존슨,,,15.02,https://aisac.kobaco.co.kr/site/main/advideo/video/uu/861146H01_1_24-HC-07-111
한국존슨앤드존슨 아규브 오아시스 맥스 원데이 멀티포컬 :  박세리편,2024-07-30,15.0,제약및의료,"이비인후,치과및안과용제","이비인후,치과및안과용제제품종합",한국존슨앤드존슨,,,15.02,https://aisac.kobaco.co.kr/site/main/advideo/video/uu/861146H01_1_24-HC-07-111
오비맥주 카스 : 올림픽편,2024-07-30,15.0,음료및기호식품,알콜음료,맥주,오비맥주주식회사,레오버넷(주),로켓샐러드,30.03,https://aisac.kobaco.co.kr/site/main/advideo/video/uu/861295H01_1_24-TX-08-004
오비맥주 카스 : 올림픽편,2024-07-30,15.0,음료및기호식품,알콜음료,맥주,오비맥주주식회사,레오버넷(주),로켓샐러드,30.03,https://aisac.kobaco.co.kr/site/main/advideo/video/uu/861295H01_1_24-TX-08-004
오비맥주 카스 : 올림픽편,2024-07-30,15.0,음료및기호식품,알콜음료,맥주,오비맥주주식회사,레오버넷(주),로켓샐러드,,
건강보험심사평가원 기관PR : 진료의 심사평가편,2024-07-30,30.0,관공서및단체,관공서및단체기타,관공서및단체기업PR,건강보험심사평가원,,,30.03,https://aisac.kobaco.co.kr/site/main/advideo/video/uu/861128H01_1_24-HC-07-108
한국에너지공단 에너지절약캠페인 : 에너지센스 함께해요편,2024-07-30,40.0,관공서및단체,단체,공공단체,한국에너지공단,,,40.04,https://aisac.kobaco.co.kr/site/main/advideo/video/uu/861160H01_1_24-HC-07-112
경북도립대학교 국립경국대학교 : 도약편,2024-07-30,15.0,교육및복지후생,교육기관,대학대학원,경북도립대학교,한국언론진흥재단,주식회사 디베이스미디어,15.02,https://aisac.kobaco.co.kr/site/main/advideo/video/uu/861165H01_1_24-TJ-07-032
건강보험심사평가원 : 합니다편,2024-07-30,15.0,관공서및단체,단체,공공단체,건강보험심사평가원,,,15.02,https://aisac.kobaco.co.kr/site/main/advideo/video/uu/861129H01_1_24-HC-07-107
건강보험심사평가원 : 합니다편,2024-07-30,15.0,관공서및단체,단체,공공단체,건강보험심사평가원,,,,
에쓰-오일 S-OIL : 구도일캔두잇 문답편,2024-07-30,15.0,수송기기,수송기기부품및용품,수송기기용품,에쓰-오일(S-OIL)(주),주식회사 에이치에스애드,apc,15.02,https://aisac.kobaco.co.kr/site/main/advideo/video/uu/861096H01_1_24-TH-07-995
에쓰-오일 S-OIL : 구도일캔두잇 문답편,2024-07-30,15.0,수송기기,수송기기부품및용품,수송기기용품,에쓰-오일(S-OIL)(주),주식회사 에이치에스애드,apc,15.02,https://aisac.kobaco.co.kr/site/main/advideo/video/uu/861096H01_1_24-TH-07-995
에쓰-오일 S-OIL : 구도일캔두잇 문답편,2024-07-30,30.0,수송기기,수송기기부품및용품,수송기기용품,에쓰-오일(S-OIL)(주),주식회사 에이치에스애드,apc,15.02,https://aisac.kobaco.co.kr/site/main/advideo/video/uu/861096H01_1_24-TH-07-995
에쓰-오일 S-OIL : 구도일캔두잇 문답편,2024-07-30,30.0,수송기기,수송기기부품및용품,수송기기용품,에쓰-오일(S-OIL)(주),주식회사 에이치에스애드,apc,15.02,https://aisac.kobaco.co.kr/site/main/advideo/video/uu/861096H01_1_24-TH-07-995
서울시의사회 서울특별시의사회 : 지켜주십시오 A편,2024-07-30,15.0,관공서및단체,단체,민간단체,서울시의사회,주식회사 와이드컴바인,(주)포스트매드맨,15.02,https://aisac.kobaco.co.kr/site/main/advideo/video/uu/861083H01_1_24-TH-07-974
넷플릭스서비시스코리아 오징어게임2 : 레이스편,2024-07-30,30.0,컴퓨터및정보통신,컴퓨터및정보통신기타,컴퓨터및정보통신기타,넷플릭스서비시스코리아유한회사,(주)제일기획,비주얼인텔리전스,30.03,https://aisac.kobaco.co.kr/site/main/advideo/video/uu/861103H01_1_24-TH-07-986
미래효자장례타운 아리움 : 지켜드리겠습니다 등록증편,2024-07-30,20.0,서비스,개인서비스,경조서비스,유한회사미래효자장례타운,(주)필애드,(주)이모션,20.02,https://aisac.kobaco.co.kr/site/main/advideo/video/uu/861078H01_1_24-TH-07-976
산업단지닷컴 평택브레인시티 : 분양 문의편,2024-07-30,15.0,"건설,건재및부동산",부동산임대및매매,건물임대및매매,산업단지닷첨,,,15.02,https://aisac.kobaco.co.kr/site/main/advideo/video/uu/861170H01_1_24-HC-07-114
인터브랜드 라이나 : 집중편,2024-07-30,15.0,"금융,보험및증권",금융및보험,금융및보험제품종합,인터브랜드(주),(주)나스미디어,브라보,15.02,https://aisac.kobaco.co.kr/site/main/advideo/video/uu/861155H01_1_24-TJ-07-023
아모레퍼시픽 설화수 자음생크림 : 완성하다편,2024-07-30,15.0,화장품및보건용품,여성기초화장품,여성일반기초화장품,(주)아모레퍼시픽,(주)비비디오코리아,(주)비비디오코리아,15.02,https://aisac.kobaco.co.kr/site/main/advideo/video/uu/861289H01_1_24-TH-08-034
AIA생명보험 AIA건강암보험 : 다이얼서큘레이터편,2024-07-30,60.0,"금융,보험및증권",금융및보험,생명보험,AIA생명보험,,,60.06,https://aisac.kobaco.co.kr/site/main/advideo/video/uu/861130H01_1_24-HC-07-109
아카데미과학 포켓몬 LCD게임 몬스터볼 : 잡자편,2024-07-30,15.0,가정용품,완구류,일반완구,(주)아카데미과학,(주)파인애드컴,프로덕션디젤,15.02,https://aisac.kobaco.co.kr/site/main/advideo/video/uu/861106H01_1_24-TH-07-982
이베스트투자증권 LS증권 : 잘 가시게편,2024-07-30,15.0,"금융,보험및증권",주식및유가증권,주식증권,이베스트투자증권(주),주식회사 에이치에스애드,(주)에이치에스애드,15.02,https://aisac.kobaco.co.kr/site/main/advideo/video/uu/861168H01_1_24-TJ-07-036
넷플릭스  오징어게임2 : 레이스편,2024-07-30,15.0,컴퓨터및정보통신,컴퓨터및정보통신기타,컴퓨터및정보통신기타,넷플릭스서비시스코리아유한회사,(주)제일기획,비주얼인텔리전스,30.03,https://aisac.kobaco.co.kr/site/main/advideo/video/uu/861103H01_1_24-TH-07-986
한국타이어앤테크놀로지 티스테이션 : 스마트페이편,2024-07-30,15.0,화학공업,고무및플라스틱,타이어,한국타이어앤테크놀로지(주),(주)이노션,크리에이티브멋,15.02,https://aisac.kobaco.co.kr/site/main/advideo/video/uu/861143H01_1_24-TJ-07-012
한국타이어앤테크놀로지 티스테이션 : 스마트페이편,2024-07-30,15.0,화학공업,고무및플라스틱,타이어,한국타이어앤테크놀로지(주),(주)이노션,크리에이티브멋,,
메이푸드 : 특허기술편,2024-07-30,20.0,음료및기호식품,비알콜음료,기능성건강음료,메이푸드,(주)부산프로덕션,(주)부산프로덕션,20.02,https://aisac.kobaco.co.kr/site/main/advideo/video/uu/861101H01_1_24-TH-07-988
한국타이어앤테크놀로지 티스테이션 : 픽업 앤 딜리버리편,2024-07-30,15.0,화학공업,고무및플라스틱,타이어,한국타이어앤테크놀로지(주),(주)이노션,크리에이티브멋,15.02,https://aisac.kobaco.co.kr/site/main/advideo/video/uu/861139H01_1_24-TJ-07-013
사회복지공동모금회 사랑의열매 : 폼 나는 나눔플랫폼편,2024-07-30,15.0,교육및복지후생,복지후생기관,복지후생기관제품종합,사회복지법인사회복지공동모금회,한국언론진흥재단,(주)애드리치,15.02,https://aisac.kobaco.co.kr/site/main/advideo/video/uu/861074H01_1_24-TH-07-980
링티 : 어린이집편,2024-07-30,15.0,음료및기호식품,음료및기호식품기타,음료및기호식품기타,주식회사링티,(주)애드쿠아인터렉티브,(주)애드쿠아인터렉티브,15.02,https://aisac.kobaco.co.kr/site/main/advideo/video/uu/861110H01_1_24-TJ-07-002
케이티 KT 로밍  : 함께 쓰는 로밍편,2024-07-30,30.0,컴퓨터및정보통신,통신망,이동통신,(주)케이티,(주)제일기획,제일기획,30.03,https://aisac.kobaco.co.kr/site/main/advideo/video/uu/861102H01_1_24-TH-07-985
오비맥즈 카스 : 올림픽편,2024-07-30,30.0,음료및기호식품,알콜음료,맥주,오비맥주주식회사,레오버넷(주),로켓샐러드,30.03,https://aisac.kobaco.co.kr/site/main/advideo/video/uu/861087H01_1_24-TX-07-077
한국타이어앤테크놀로지 티스테이션 : 오늘 서비스편,2024-07-30,15.0,화학공업,고무및플라스틱,타이어,한국타이어앤테크놀로지(주),(주)이노션,크리에이티브멋,15.02,https://aisac.kobaco.co.kr/site/main/advideo/video/uu/861142H01_1_24-TJ-07-011
엘지전자 PR :  공간 미래 연결하다편,2024-07-30,30.0,그룹및기업광고,그룹광고,그룹PR,엘지전자(주),주식회사 에이치에스애드,(주)에이치에스애드,30.03,https://aisac.kobaco.co.kr/site/main/advideo/video/uu/861445H01_1_24-TH-08-150
사회복지공동모금회 사랑의열매 : 폼나는 나눔 플랫폼편,2024-07-30,30.0,교육및복지후생,복지후생기관,복지후생기관제품종합,사회복지법인사회복지공동모금회,한국언론진흥재단,(주)애드리치,15.02,https://aisac.kobaco.co.kr/site/main/advideo/video/uu/861159H01_1_24-TJ-07-028
사회복지공동모금회 사랑의열매 : 폼나는 나눔 플랫폼편,2024-07-30,30.0,교육및복지후생,복지후생기관,복지후생기관제품종합,사회복지법인사회복지공동모금회,한국언론진흥재단,(주)애드리치,15.02,https://aisac.kobaco.co.kr/site/main/advideo/video/uu/861159H01_1_24-TJ-07-028
사회복지공동모금회 사랑의열매 : 폼나는 나눔 플랫폼편,2024-07-30,30.0,교육및복지후생,복지후생기관,복지후생기관제품종합,사회복지법인사회복지공동모금회,한국언론진흥재단,(주)애드리치,15.02,https://aisac.kobaco.co.kr/site/main/advideo/video/uu/861159H01_1_24-TJ-07-028
사회복지공동모금회 사랑의열매 : 폼나는 나눔 플랫폼편,2024-07-30,30.0,교육및복지후생,복지후생기관,복지후생기관제품종합,사회복지법인사회복지공동모금회,한국언론진흥재단,(주)애드리치,15.02,https://aisac.kobaco.co.kr/site/main/advideo/video/uu/861159H01_1_24-TJ-07-028
사회복지공동모금회 사랑의열매 : 폼나는 나눔 플랫폼편,2024-07-30,30.0,교육및복지후생,복지후생기관,복지후생기관제품종합,사회복지법인사회복지공동모금회,한국언론진흥재단,(주)애드리치,15.02,https://aisac.kobaco.co.kr/site/main/advideo/video/uu/861159H01_1_24-TJ-07-028
사회복지공동모금회 사랑의열매 : 폼나는 나눔 플랫폼편,2024-07-30,30.0,교육및복지후생,복지후생기관,복지후생기관제품종합,사회복지법인사회복지공동모금회,한국언론진흥재단,(주)애드리치,15.02,https://aisac.kobaco.co.kr/site/main/advideo/video/uu/861159H01_1_24-TJ-07-028
사회복지공동모금회 사랑의열매 : 폼나는 나눔 플랫폼편,2024-07-30,15.0,교육및복지후생,복지후생기관,복지후생기관제품종합,사회복지법인사회복지공동모금회,한국언론진흥재단,(주)애드리치,15.02,https://aisac.kobaco.co.kr/site/main/advideo/video/uu/861159H01_1_24-TJ-07-028
사회복지공동모금회 사랑의열매 : 폼나는 나눔 플랫폼편,2024-07-30,15.0,교육및복지후생,복지후생기관,복지후생기관제품종합,사회복지법인사회복지공동모금회,한국언론진흥재단,(주)애드리치,15.02,https://aisac.kobaco.co.kr/site/main/advideo/video/uu/861159H01_1_24-TJ-07-028
사회복지공동모금회 사랑의열매 : 폼나는 나눔 플랫폼편,2024-07-30,15.0,교육및복지후생,복지후생기관,복지후생기관제품종합,사회복지법인사회복지공동모금회,한국언론진흥재단,(주)애드리치,15.02,https://aisac.kobaco.co.kr/site/main/advideo/video/uu/861159H01_1_24-TJ-07-028
링티 링티 : 택배편,2024-07-30,15.0,음료및기호식품,음료및기호식품기타,음료및기호식품기타,주식회사링티,(주)애드쿠아인터렉티브,(주)애드쿠아인터렉티브,15.02,https://aisac.kobaco.co.kr/site/main/advideo/video/uu/861680H01_1_24-TH-08-334
링티 링티 : 풋살편,2024-07-30,15.0,음료및기호식품,음료및기호식품기타,음료및기호식품기타,주식회사링티,(주)애드쿠아인터렉티브,(주)애드쿠아인터렉티브,15.02,https://aisac.kobaco.co.kr/site/main/advideo/video/uu/861111H01_1_24-TJ-07-001
경기도교육청 공유학교 : 우리의 길편,2024-07-30,40.0,관공서및단체,중앙및지방관공서,중앙및지방관공서기타,경기도교육청,(주)연합뉴스티브이,,40.04,https://aisac.kobaco.co.kr/site/main/advideo/video/uu/861127H01_1_24-HC-07-105
한국전력 에너지 절약 캠페인 : 지구를 살리는 에센스편,2024-07-30,40.0,관공서및단체,단체,공공단체,(주)연합뉴스티브이,(주)연합뉴스티브이,,40.04,https://aisac.kobaco.co.kr/site/main/advideo/video/uu/861126H01_1_24-HC-07-106
한국타이어앤테크놀로지 티스테이션 : 무상점검 서비스편,2024-07-30,15.0,화학공업,고무및플라스틱,타이어,한국타이어앤테크놀로지(주),(주)이노션,크리에이티브멋,15.02,https://aisac.kobaco.co.kr/site/main/advideo/video/uu/861141H01_1_24-TJ-07-015
케이티 KT 로밍 : 떠나자 3GB편,2024-07-30,15.0,컴퓨터및정보통신,통신망,이동통신,(주)케이티,(주)제일기획,제일기획,15.02,https://aisac.kobaco.co.kr/site/main/advideo/video/uu/861108H01_1_24-TH-07-984
링티 : 고깃집편,2024-07-30,15.0,음료및기호식품,음료및기호식품기타,음료및기호식품기타,주식회사링티,(주)애드쿠아인터렉티브,(주)애드쿠아인터렉티브,15.02,https://aisac.kobaco.co.kr/site/main/advideo/video/uu/861112H01_1_24-TH-07-999
링티 : 고깃집편,2024-07-30,15.0,음료및기호식품,음료및기호식품기타,음료및기호식품기타,주식회사링티,(주)애드쿠아인터렉티브,(주)애드쿠아인터렉티브,,
링티 : 수험생편,2024-07-30,15.0,음료및기호식품,음료및기호식품기타,음료및기호식품기타,주식회사링티,(주)애드쿠아인터렉티브,(주)애드쿠아인터렉티브,15.02,https://aisac.kobaco.co.kr/site/main/advideo/video/uu/861679H01_1_24-TH-08-335
인터브랜드 라이나 : 스쳐가는 일상편,2024-07-30,15.0,"금융,보험및증권",금융및보험,금융및보험제품종합,인터브랜드(주),(주)나스미디어,브라보,15.02,https://aisac.kobaco.co.kr/site/main/advideo/video/uu/861154H01_1_24-TJ-07-024
한국타이어 iON : 글로리어스모멘트편,2024-07-29,15.0,화학공업,고무및플라스틱,타이어,한국타이어앤테크놀로지(주),(주)이노션,(주)크레마,15.02,https://aisac.kobaco.co.kr/site/main/advideo/video/uu/860982H01_1_24-TH-07-930
월트디즈니컴퍼니코리아 개봉안내 : 에이리언 HeartAlpha편,2024-07-29,30.0,서비스,문화및공연,영화,월트디즈니컴퍼니코리아유한책임회사,레오버넷(주),레오버넷,30.03,https://aisac.kobaco.co.kr/site/main/advideo/video/uu/860995H01_1_24-TH-07-924
넷플릭스서비시스코리아 넷플릭스 : 8월 넷플 뭐 봄편,2024-07-29,15.0,컴퓨터및정보통신,컴퓨터및정보통신기타,컴퓨터및정보통신기타,넷플릭스서비시스코리아유한회사,(주)제일기획,비주얼인텔리전스,30.03,https://aisac.kobaco.co.kr/site/main/advideo/video/uu/860985H01_1_24-TH-07-917
장스푸드 크랑이치킨 : 노부부편,2024-07-29,30.0,식품,식품기타,식품기타,주식회사장스푸드,직거래,(주)에스비에스엠앤씨,30.03,https://aisac.kobaco.co.kr/site/main/advideo/video/uu/861045H01_1_24-TH-07-949
장스푸드 크랑이치킨 : 노부부편,2024-07-29,30.0,식품,식품기타,식품기타,주식회사장스푸드,직거래,(주)에스비에스엠앤씨,,
월드비전 G6K : 달려보면 알거야편,2024-07-29,15.0,관공서및단체,관공서및단체기타,관공서및단체기타,사회복지법인월드비전,주식회사 드림인사이트,(주)드림인사이트,15.02,https://aisac.kobaco.co.kr/site/main/advideo/video/uu/861055H01_1_24-TH-07-956
월드비전 G6K : 달려보면 알거야편,2024-07-29,15.0,관공서및단체,관공서및단체기타,관공서및단체기타,사회복지법인월드비전,주식회사 드림인사이트,(주)드림인사이트,15.02,https://aisac.kobaco.co.kr/site/main/advideo/video/uu/861055H01_1_24-TH-07-956
제주항공 PR : 가자 우리에겐 J가 있다 일본편,2024-07-29,15.0,수송기기,항공수송기기,항공기,(주)제주항공,주식회사 에이치에스애드,스튜디오 메카,15.02,https://aisac.kobaco.co.kr/site/main/advideo/video/uu/860974H01_1_24-TH-07-910
하이모 PR : 당당하게 앞을 향해편,2024-07-29,30.0,화장품및보건용품,화장도구,가발류,유한책임회사하이모(HIMOLLC),(주)제일기획,제일기획,30.03,https://aisac.kobaco.co.kr/site/main/advideo/video/uu/860979H01_1_24-TH-07-907
하이모 PR : 당당하게 앞을 향해편,2024-07-29,30.0,화장품및보건용품,화장도구,가발류,유한책임회사하이모(HIMOLLC),(주)제일기획,제일기획,,
하이모 PR : 당당하게 앞을 향해편,2024-07-29,30.0,화장품및보건용품,화장도구,가발류,유한책임회사하이모(HIMOLLC),(주)제일기획,제일기획,,
월드비전 G6K : 달려보면 알거야편,2024-07-29,30.0,관공서및단체,관공서및단체기타,관공서및단체기타,사회복지법인월드비전,주식회사 드림인사이트,(주)드림인사이트,15.02,https://aisac.kobaco.co.kr/site/main/advideo/video/uu/861055H01_1_24-TH-07-956
월드비전 G6K : 달려보면 알거야편,2024-07-29,30.0,관공서및단체,관공서및단체기타,관공서및단체기타,사회복지법인월드비전,주식회사 드림인사이트,(주)드림인사이트,15.02,https://aisac.kobaco.co.kr/site/main/advideo/video/uu/861055H01_1_24-TH-07-956
제주항공 PR : 가자 우리에겐 J가 있다 발리편,2024-07-29,15.0,수송기기,항공수송기기,항공기,(주)제주항공,주식회사 에이치에스애드,스튜디오 메카,15.02,https://aisac.kobaco.co.kr/site/main/advideo/video/uu/860977H01_1_24-TH-07-911
장스푸드 크크크치킨 : 바삭함의 끝판왕편,2024-07-29,15.0,식품,식품기타,식품기타,주식회사장스푸드,직거래,(주)에스비에스엠앤씨,30.03,https://aisac.kobaco.co.kr/site/main/advideo/video/uu/868510H01_1_25-TH-01-709
장스푸드 크크크치킨 : 바삭함의 끝판왕편,2024-07-29,15.0,식품,식품기타,식품기타,주식회사장스푸드,직거래,(주)에스비에스엠앤씨,,
장스푸드 크크크치킨 : 바삭함의 끝판왕편,2024-07-29,15.0,식품,식품기타,식품기타,주식회사장스푸드,직거래,(주)에스비에스엠앤씨,,
장스푸드 크크크치킨 : 바삭함의 끝판왕편,2024-07-29,15.0,식품,식품기타,식품기타,주식회사장스푸드,직거래,(주)에스비에스엠앤씨,,
파나소닉코리아 파나소닉 안마의자 MAN1 : 경험하지 못 한 절대 휴식편,2024-07-29,15.0,가정용전기전자,가정용전기전자기타,가정용전기전자기타,파나소닉코리아주식회사,(주)덴츠엑스,타이거밤,15.02,https://aisac.kobaco.co.kr/site/main/advideo/video/uu/860972H01_1_24-TH-07-912
충청남도청 여행안내 : 충남의바다편,2024-07-29,30.0,관공서및단체,중앙및지방관공서,지방자치단체,충청남도청,(주)연합뉴스티브이,,30.03,https://aisac.kobaco.co.kr/site/main/advideo/video/uu/860980H01_1_24-HC-07-090
폴스타오토모티브코리아 Polestar 4 : 별편,2024-07-29,30.0,수송기기,수입자동차,수입승용차,폴스타오토모티브코리아유한회사,(주)아이프로스펙트코리아,엘알 서울,30.03,https://aisac.kobaco.co.kr/site/main/advideo/video/uu/860994H01_1_24-TH-07-928
데일리앤코 몽제 : 허리가 편안한 매트리스편,2024-07-29,15.0,가정용품,가구류,침대,(주)데일리앤코,(주)에스비에스엠앤씨,SBS엠앤씨,15.02,https://aisac.kobaco.co.kr/site/main/advideo/video/uu/860988H01_1_24-TH-07-913
제주항공 : 띄웁니다 일본발리편,2024-07-29,30.0,수송기기,항공수송기기,항공기,(주)제주항공,주식회사 에이치에스애드,스튜디오 메카,30.03,https://aisac.kobaco.co.kr/site/main/advideo/video/uu/860976H01_1_24-TH-07-909
제주항공 : 띄웁니다 일본발리편,2024-07-29,30.0,수송기기,항공수송기기,항공기,(주)제주항공,주식회사 에이치에스애드,스튜디오 메카,30.03,https://aisac.kobaco.co.kr/site/main/advideo/video/uu/860976H01_1_24-TH-07-909
홈플러스 썸머 홈플런 : 24년 2차편,2024-07-29,15.0,유통,대형유통,대형유통제품종합,홈플러스(주),주식회사 에이치에스애드,(주)에이치에스애드,15.02,https://aisac.kobaco.co.kr/site/main/advideo/video/uu/861047H01_1_24-TH-07-954
굿네이버스인터내셔날 굿네이버스 후원 : 고려인편,2024-07-29,60.0,관공서및단체,단체,민간단체,사단법인굿네이버스인터내셔날,주식회사 케이디엠코,(주)미디어브로,,
하이모 : 극복 체험이벤트편,2024-07-29,15.0,화장품및보건용품,화장도구,가발류,유한책임회사하이모(HIMOLLC),(주)제일기획,제일기획,15.02,https://aisac.kobaco.co.kr/site/main/advideo/video/uu/860978H01_1_24-TH-07-906
명륜당 명륜진사갈비 : 마법편,2024-07-29,15.0,서비스,음식및숙박,대중음식점,주식회사명륜당,(주)오리콤,오리콤,15.02,https://aisac.kobaco.co.kr/site/main/advideo/video/uu/861040H01_1_24-TX-07-075
비케이알 버거킹 콰트로치즈 비프라구와퍼 : 더 맛있더라구편,2024-07-29,15.0,식품,제빵,"햄버거,피자및샌드위치",주식회사비케이알,(주)제일기획,제일기획,15.02,https://aisac.kobaco.co.kr/site/main/advideo/video/uu/861041H01_1_24-TX-07-074
월트디즈니컴퍼니코리아 에이리언 로물루스 : 대개봉 HeartAlpha편,2024-07-29,15.0,서비스,문화및공연,영화,월트디즈니컴퍼니코리아유한책임회사,레오버넷(주),레오버넷,15.02,https://aisac.kobaco.co.kr/site/main/advideo/video/uu/860996H01_1_24-TH-07-923
폴스타오토모티브코리아 Polestar 4 : 아이돈노우편,2024-07-29,15.0,수송기기,수입자동차,수입승용차,폴스타오토모티브코리아유한회사,(주)아이프로스펙트코리아,엘알 서울,15.02,https://aisac.kobaco.co.kr/site/main/advideo/video/uu/860991H01_1_24-TH-07-929
장스푸드 크랑이치킨 : 잔다편,2024-07-29,30.0,식품,식품기타,식품기타,주식회사장스푸드,직거래,(주)에스비에스엠앤씨,30.03,https://aisac.kobaco.co.kr/site/main/advideo/video/uu/862414H01_1_24-TH-08-814
미미월드 스마트 타요 빅매트 : 성공편,2024-07-29,15.0,유통,"소형,소매유통","소형,소매유통제품종합",(주)미미월드,(주)와우매니지먼트그룹,(주)재능방송,15.02,https://aisac.kobaco.co.kr/site/main/advideo/video/uu/860989H01_1_24-TH-07-914
아카데미과학 비기즈 : 왔어요편,2024-07-29,15.0,가정용품,완구류,일반완구,(주)아카데미과학,(주)파인애드컴,프로덕션디젤,15.02,https://aisac.kobaco.co.kr/site/main/advideo/video/uu/860997H01_1_24-TH-07-915
홈플러스 썸머 홈플런 : 24년편,2024-07-29,15.0,유통,대형유통,대형유통제품종합,홈플러스(주),주식회사 에이치에스애드,(주)에이치에스애드,15.02,https://aisac.kobaco.co.kr/site/main/advideo/video/uu/860990H01_1_24-TH-07-931
제주항공 : 띄웁니다 일본발리편,2024-07-29,30.0,수송기기,항공수송기기,항공기,(주)제주항공,주식회사 에이치에스애드,스튜디오 메카,30.03,https://aisac.kobaco.co.kr/site/main/advideo/video/uu/860976H01_1_24-TH-07-909
제주항공 : 띄웁니다 일본발리편,2024-07-29,30.0,수송기기,항공수송기기,항공기,(주)제주항공,주식회사 에이치에스애드,스튜디오 메카,30.03,https://aisac.kobaco.co.kr/site/main/advideo/video/uu/860976H01_1_24-TH-07-909
한서대학교 : 아닙니다편,2024-07-29,15.0,교육및복지후생,교육기관,대학대학원,한서대학교,직거래,묘수커뮤니케이션즈,15.02,https://aisac.kobaco.co.kr/site/main/advideo/video/uu/861048H01_1_24-TH-07-953
당코리테일러 당코리 테일러 : 100년 기업편,2024-07-29,20.0,패션,정장의류,신사정장,당코리테일러,(주)부산프로덕션,(주)부산프로덕션,20.02,https://aisac.kobaco.co.kr/site/main/advideo/video/uu/861051H01_1_24-TH-07-952
월드비전 G6K : 글로벌 6K와 함께 달려주세요편,2024-07-29,30.0,관공서및단체,관공서및단체기타,관공서및단체기타,사회복지법인월드비전,주식회사 드림인사이트,(주)드림인사이트,30.03,https://aisac.kobaco.co.kr/site/main/advideo/video/uu/861054H01_1_24-TH-07-958
월드비전 G6K : 글로벌 6K와 함께 달려주세요편,2024-07-29,30.0,관공서및단체,관공서및단체기타,관공서및단체기타,사회복지법인월드비전,주식회사 드림인사이트,(주)드림인사이트,30.03,https://aisac.kobaco.co.kr/site/main/advideo/video/uu/861054H01_1_24-TH-07-958
월드비전 G6K : 글로벌 6K와 함께 달려주세요편,2024-07-29,30.0,관공서및단체,관공서및단체기타,관공서및단체기타,사회복지법인월드비전,주식회사 드림인사이트,(주)드림인사이트,30.03,https://aisac.kobaco.co.kr/site/main/advideo/video/uu/861054H01_1_24-TH-07-958
월드비전 G6K : 글로벌 6K와 함께 달려주세요편,2024-07-29,30.0,관공서및단체,관공서및단체기타,관공서및단체기타,사회복지법인월드비전,주식회사 드림인사이트,(주)드림인사이트,30.03,https://aisac.kobaco.co.kr/site/main/advideo/video/uu/861054H01_1_24-TH-07-958
월드비전 G6K : 글로벌 6K와 함께 달려주세요편,2024-07-29,15.0,관공서및단체,관공서및단체기타,관공서및단체기타,사회복지법인월드비전,주식회사 드림인사이트,(주)드림인사이트,30.03,https://aisac.kobaco.co.kr/site/main/advideo/video/uu/861054H01_1_24-TH-07-958
월드비전 G6K : 글로벌 6K와 함께 달려주세요편,2024-07-29,15.0,관공서및단체,관공서및단체기타,관공서및단체기타,사회복지법인월드비전,주식회사 드림인사이트,(주)드림인사이트,30.03,https://aisac.kobaco.co.kr/site/main/advideo/video/uu/861054H01_1_24-TH-07-958
월드비전 G6K : 글로벌 6K와 함께 달려주세요편,2024-07-29,15.0,관공서및단체,관공서및단체기타,관공서및단체기타,사회복지법인월드비전,주식회사 드림인사이트,(주)드림인사이트,30.03,https://aisac.kobaco.co.kr/site/main/advideo/video/uu/861054H01_1_24-TH-07-958
월드비전 G6K : 글로벌 6K와 함께 달려주세요편,2024-07-29,15.0,관공서및단체,관공서및단체기타,관공서및단체기타,사회복지법인월드비전,주식회사 드림인사이트,(주)드림인사이트,30.03,https://aisac.kobaco.co.kr/site/main/advideo/video/uu/861054H01_1_24-TH-07-958
월드비전 G6K : 글로벌 6K와 함께 달려주세요편,2024-07-29,15.0,관공서및단체,관공서및단체기타,관공서및단체기타,사회복지법인월드비전,주식회사 드림인사이트,(주)드림인사이트,30.03,https://aisac.kobaco.co.kr/site/main/advideo/video/uu/861054H01_1_24-TH-07-958
월드비전 G6K : 글로벌 6K와 함께 달려주세요편,2024-07-29,15.0,관공서및단체,관공서및단체기타,관공서및단체기타,사회복지법인월드비전,주식회사 드림인사이트,(주)드림인사이트,30.03,https://aisac.kobaco.co.kr/site/main/advideo/video/uu/861054H01_1_24-TH-07-958
월드비전 G6K : 글로벌 6K와 함께 달려주세요편,2024-07-29,15.0,관공서및단체,관공서및단체기타,관공서및단체기타,사회복지법인월드비전,주식회사 드림인사이트,(주)드림인사이트,30.03,https://aisac.kobaco.co.kr/site/main/advideo/video/uu/861054H01_1_24-TH-07-958
월드비전 G6K : 글로벌 6K와 함께 달려주세요편,2024-07-29,15.0,관공서및단체,관공서및단체기타,관공서및단체기타,사회복지법인월드비전,주식회사 드림인사이트,(주)드림인사이트,30.03,https://aisac.kobaco.co.kr/site/main/advideo/video/uu/861054H01_1_24-TH-07-958
넷플릭스 : 8월 넷플뭐봄편,2024-07-29,30.0,컴퓨터및정보통신,컴퓨터및정보통신기타,컴퓨터및정보통신기타,넷플릭스서비시스코리아유한회사,(주)제일기획,비주얼인텔리전스,30.03,https://aisac.kobaco.co.kr/site/main/advideo/video/uu/860985H01_1_24-TH-07-917
라이온코리아 비트캡슐 울트라콤팩트 : 종합편,2024-07-29,15.0,화장품및보건용품,세제류,세탁세제,라이온코리아주식회사,(주)이노션,(주)꾸욱꾸욱,15.02,https://aisac.kobaco.co.kr/site/main/advideo/video/uu/860986H01_1_24-TH-07-918
올랜드울산점 : 썸머위크 여름정기세일편,2024-07-29,20.0,유통,유통기타,유통기타,올랜드울산점,주식회사애드넷21,애드넷21,20.02,https://aisac.kobaco.co.kr/site/main/advideo/video/uu/861058H01_1_24-TH-07-962
에스앤씨세인 더벤티 : 저당편,2024-07-29,15.0,음료및기호식품,음료및기호식품기타,음료및기호식품기타,주식회사에스앤씨세인,직거래,(주)꾸욱꾸욱,15.02,https://aisac.kobaco.co.kr/site/main/advideo/video/uu/861063H01_1_24-TH-07-966
비알코리아 배스킨라빈스 : 8월 이달의 맛편,2024-07-29,15.0,식품,아이스크림,아이스크림제품종합,비알코리아(주),(주)제일기획,제일기획,15.02,https://aisac.kobaco.co.kr/site/main/advideo/video/uu/860981H01_1_24-TX-07-073
충청북도청 영동국악엑스포 : 행사안내편,2024-07-29,30.0,관공서및단체,관공서및단체기타,관공서및단체기업PR,충청북도청,,,30.03,https://aisac.kobaco.co.kr/site/main/advideo/video/uu/861073H01_1_24-HC-07-095
올랜드창원경남점 : 썸머위크 여름정기세일편,2024-07-29,20.0,유통,유통기타,유통기타,주식회사올랜드창원경남점,주식회사애드넷21,애드넷21,20.02,https://aisac.kobaco.co.kr/site/main/advideo/video/uu/861059H01_1_24-TH-07-961
보람상조 보람상조피플  스마트 299 : 환급편,2024-07-29,60.0,서비스,개인서비스,개인서비스기타,보람상조,,,60.06,https://aisac.kobaco.co.kr/site/main/advideo/video/uu/861022H01_1_24-HC-07-093
장스푸드 60계 치킨 : 크랑이치킨편,2024-07-29,30.0,식품,식품기타,식품기타,주식회사장스푸드,직거래,(주)에스비에스엠앤씨,30.03,https://aisac.kobaco.co.kr/site/main/advideo/video/uu/861043H01_1_24-TH-07-950
장스푸드 60계 치킨 : 크랑이치킨편,2024-07-29,30.0,식품,식품기타,식품기타,주식회사장스푸드,직거래,(주)에스비에스엠앤씨,,
장스푸드 60계 치킨 : 크랑이치킨편,2024-07-29,30.0,식품,식품기타,식품기타,주식회사장스푸드,직거래,(주)에스비에스엠앤씨,,
월드비전 G6K : 글로벌 6K와 함께 달려주세요편,2024-07-29,30.0,관공서및단체,관공서및단체기타,관공서및단체기타,사회복지법인월드비전,주식회사 드림인사이트,(주)드림인사이트,30.03,https://aisac.kobaco.co.kr/site/main/advideo/video/uu/861054H01_1_24-TH-07-958
월드비전 G6K : 글로벌 6K와 함께 달려주세요편,2024-07-29,30.0,관공서및단체,관공서및단체기타,관공서및단체기타,사회복지법인월드비전,주식회사 드림인사이트,(주)드림인사이트,30.03,https://aisac.kobaco.co.kr/site/main/advideo/video/uu/861054H01_1_24-TH-07-958
월드비전 G6K : 글로벌 6K와 함께 달려주세요편,2024-07-29,30.0,관공서및단체,관공서및단체기타,관공서및단체기타,사회복지법인월드비전,주식회사 드림인사이트,(주)드림인사이트,30.03,https://aisac.kobaco.co.kr/site/main/advideo/video/uu/861054H01_1_24-TH-07-958
월드비전 G6K : 글로벌 6K와 함께 달려주세요편,2024-07-29,30.0,관공서및단체,관공서및단체기타,관공서및단체기타,사회복지법인월드비전,주식회사 드림인사이트,(주)드림인사이트,30.03,https://aisac.kobaco.co.kr/site/main/advideo/video/uu/861054H01_1_24-TH-07-958
경남대학교 수시 모집 : 강력한 힘편,2024-07-29,20.0,교육및복지후생,교육기관,교육기관기타,경남대학교,,,20.02,https://aisac.kobaco.co.kr/site/main/advideo/video/uu/861072H01_1_24-HC-07-096
경상북도청 경북 관광 : 지금!여기! 경상북도편,2024-07-29,30.0,관공서및단체,관공서및단체기타,관공서및단체기업PR,경상북도청,,,30.03,https://aisac.kobaco.co.kr/site/main/advideo/video/uu/861071H01_1_24-HC-07-094
닥터블릿헬스케어 푸응 나이트버닝 프로 : 푸응 페스타편,2024-07-26,15.0,식품,건강식품,다이어트식품,닥터블릿헬스케어주식회사,호키포키컴퍼니,호키포키컴퍼니,15.02,https://aisac.kobaco.co.kr/site/main/advideo/video/uu/861804H01_1_24-TH-08-425
엘지전자 PR : 공간 미래 연결하다편,2024-07-26,30.0,그룹및기업광고,그룹광고,그룹PR,엘지전자(주),주식회사 에이치에스애드,(주)에이치에스애드,30.03,https://aisac.kobaco.co.kr/site/main/advideo/video/uu/861445H01_1_24-TH-08-150
롯데컬처웍스 상영 안내 : 파일럿편,2024-07-26,15.0,서비스,문화및공연,영화,롯데컬처웍스(주),(주)이노션,주식회사 이노션,15.02,https://aisac.kobaco.co.kr/site/main/advideo/video/uu/860959H01_1_24-TH-07-896
롯데컬처웍스 상영 안내 : 파일럿편,2024-07-26,15.0,서비스,문화및공연,영화,롯데컬처웍스(주),(주)이노션,주식회사 이노션,15.02,https://aisac.kobaco.co.kr/site/main/advideo/video/uu/860959H01_1_24-TH-07-896
롯데컬처웍스 상영 안내 : 파일럿편,2024-07-26,15.0,서비스,문화및공연,영화,롯데컬처웍스(주),(주)이노션,주식회사 이노션,15.02,https://aisac.kobaco.co.kr/site/main/advideo/video/uu/860959H01_1_24-TH-07-896
코웨이 : 얼음정수기 고객만족도 수상 자막,2024-07-26,15.0,가정용전기전자,주방용전기전자,주방용전기전자기타,코웨이(주),(주)에스엠컬처앤콘텐츠 광고사업부문,(주)차이커뮤니케이션,15.02,https://aisac.kobaco.co.kr/site/main/advideo/video/uu/860920H01_1_24-TH-07-866
헨켈홈케어코리아 브레프 디럭스 퍼퓸클리닝 : 향수보다 나은 솔루션편,2024-07-26,15.0,화장품및보건용품,세제류,세척제,헨켈홈케어코리아유한회사,옴니콤미디어그룹코리아(주),(주)크레마,15.02,https://aisac.kobaco.co.kr/site/main/advideo/video/uu/860971H01_1_24-TH-07-905
에스케이텔레콤 SKT GTAA : AI로 대한민국을 새롭게 하는 힘편,2024-07-26,30.0,컴퓨터및정보통신,통신망,이동통신,에스케이텔레콤(주),(주)에스엠컬처앤콘텐츠 광고사업부문,(주)메이트인디펜던스,60.06,https://aisac.kobaco.co.kr/site/main/advideo/video/uu/861840H01_1_24-TH-08-421
에스케이텔레콤 SKT GTAA : AI로 대한민국을 새롭게 하는 힘편,2024-07-26,30.0,컴퓨터및정보통신,통신망,이동통신,에스케이텔레콤(주),(주)에스엠컬처앤콘텐츠 광고사업부문,(주)메이트인디펜던스,60.06,https://aisac.kobaco.co.kr/site/main/advideo/video/uu/861840H01_1_24-TH-08-421
에스케이텔레콤 SKT GTAA : AI로 대한민국을 새롭게 하는 힘편,2024-07-26,30.0,컴퓨터및정보통신,통신망,이동통신,에스케이텔레콤(주),(주)에스엠컬처앤콘텐츠 광고사업부문,(주)메이트인디펜던스,60.06,https://aisac.kobaco.co.kr/site/main/advideo/video/uu/861840H01_1_24-TH-08-421
씨앤조이 체프리스커피 : 커피의 궁극적 진화편,2024-07-26,15.0,음료및기호식품,비알콜음료,"커피,코코아음료",씨앤조이,주식회사 피어스크리에이티브컴퍼니,주식회사 피어스크리에이티브컴퍼니,30.03,https://aisac.kobaco.co.kr/site/main/advideo/video/uu/860917H01_1_24-TH-07-864
씨앤조이 체프리스커피 : 커피의 궁극적 진화편,2024-07-26,15.0,음료및기호식품,비알콜음료,"커피,코코아음료",씨앤조이,주식회사 피어스크리에이티브컴퍼니,주식회사 피어스크리에이티브컴퍼니,30.03,https://aisac.kobaco.co.kr/site/main/advideo/video/uu/860917H01_1_24-TH-07-864
씨앤조이 체프리스커피 : 커피의 궁극적 진화편,2024-07-26,15.0,음료및기호식품,비알콜음료,"커피,코코아음료",씨앤조이,주식회사 피어스크리에이티브컴퍼니,주식회사 피어스크리에이티브컴퍼니,30.03,https://aisac.kobaco.co.kr/site/main/advideo/video/uu/860917H01_1_24-TH-07-864
소상공인방송정보원 카드형 온누리상품권 : 대한민국행복충전편,2024-07-26,15.0,"금융,보험및증권","금융,보험및증권기타","금융,보험및증권기타",재단법인소상공인방송정보원,한국언론진흥재단,소상공인방송정보원,15.02,https://aisac.kobaco.co.kr/site/main/advideo/video/uu/861297H01_1_24-TH-08-037
유니세프 출발점 : 이상우편,2024-07-26,60.0,관공서및단체,단체,민간단체,사단법인유니세프한국위원회,(주)대홍기획,대홍기획,60.06,https://aisac.kobaco.co.kr/site/main/advideo/video/uu/860961H01_1_24-TH-07-897
씨앤조이 체프리스커피 : 커피의 궁극적 진화편,2024-07-26,15.0,음료및기호식품,비알콜음료,"커피,코코아음료",씨앤조이,주식회사 피어스크리에이티브컴퍼니,주식회사 피어스크리에이티브컴퍼니,30.03,https://aisac.kobaco.co.kr/site/main/advideo/video/uu/860917H01_1_24-TH-07-864
씨앤조이 체프리스커피 : 커피의 궁극적 진화편,2024-07-26,15.0,음료및기호식품,비알콜음료,"커피,코코아음료",씨앤조이,주식회사 피어스크리에이티브컴퍼니,주식회사 피어스크리에이티브컴퍼니,30.03,https://aisac.kobaco.co.kr/site/main/advideo/video/uu/860917H01_1_24-TH-07-864
씨앤조이 체프리스커피 : 커피의 궁극적 진화편,2024-07-26,15.0,음료및기호식품,비알콜음료,"커피,코코아음료",씨앤조이,주식회사 피어스크리에이티브컴퍼니,주식회사 피어스크리에이티브컴퍼니,30.03,https://aisac.kobaco.co.kr/site/main/advideo/video/uu/860917H01_1_24-TH-07-864
엘지전자 SMART LIFE SOLUTION : 공간 미래를 연결하다편,2024-07-26,30.0,그룹및기업광고,그룹광고,그룹PR,엘지전자(주),주식회사 에이치에스애드,(주)에이치에스애드,30.03,https://aisac.kobaco.co.kr/site/main/advideo/video/uu/861445H01_1_24-TH-08-150
엘지전자 SMART LIFE SOLUTION : 공간 미래를 연결하다편,2024-07-26,30.0,그룹및기업광고,그룹광고,그룹PR,엘지전자(주),주식회사 에이치에스애드,(주)에이치에스애드,30.03,https://aisac.kobaco.co.kr/site/main/advideo/video/uu/861445H01_1_24-TH-08-150
엘지전자 SMART LIFE SOLUTION : 공간 미래를 연결하다편,2024-07-26,30.0,그룹및기업광고,그룹광고,그룹PR,엘지전자(주),주식회사 에이치에스애드,(주)에이치에스애드,30.03,https://aisac.kobaco.co.kr/site/main/advideo/video/uu/861445H01_1_24-TH-08-150
에스케이텔레콤 SKT GTAA : AI로 대한민국을 새롭게 하는 힘편,2024-07-26,60.0,컴퓨터및정보통신,통신망,이동통신,에스케이텔레콤(주),(주)에스엠컬처앤콘텐츠 광고사업부문,(주)메이트인디펜던스,60.06,https://aisac.kobaco.co.kr/site/main/advideo/video/uu/861840H01_1_24-TH-08-421
에스케이텔레콤 SKT GTAA : AI로 대한민국을 새롭게 하는 힘편,2024-07-26,60.0,컴퓨터및정보통신,통신망,이동통신,에스케이텔레콤(주),(주)에스엠컬처앤콘텐츠 광고사업부문,(주)메이트인디펜던스,60.06,https://aisac.kobaco.co.kr/site/main/advideo/video/uu/861840H01_1_24-TH-08-421
에스케이텔레콤 SKT GTAA : AI로 대한민국을 새롭게 하는 힘편,2024-07-26,60.0,컴퓨터및정보통신,통신망,이동통신,에스케이텔레콤(주),(주)에스엠컬처앤콘텐츠 광고사업부문,(주)메이트인디펜던스,60.06,https://aisac.kobaco.co.kr/site/main/advideo/video/uu/861840H01_1_24-TH-08-421
엘지전자 SMART LIFE SOLUTION : 공간 미래를 연결하다편,2024-07-26,30.0,그룹및기업광고,그룹광고,그룹PR,엘지전자(주),주식회사 에이치에스애드,(주)에이치에스애드,30.03,https://aisac.kobaco.co.kr/site/main/advideo/video/uu/861445H01_1_24-TH-08-150
엘지전자 SMART LIFE SOLUTION : 공간 미래를 연결하다편,2024-07-26,30.0,그룹및기업광고,그룹광고,그룹PR,엘지전자(주),주식회사 에이치에스애드,(주)에이치에스애드,30.03,https://aisac.kobaco.co.kr/site/main/advideo/video/uu/861445H01_1_24-TH-08-150
엘지전자 SMART LIFE SOLUTION : 공간 미래를 연결하다편,2024-07-26,30.0,그룹및기업광고,그룹광고,그룹PR,엘지전자(주),주식회사 에이치에스애드,(주)에이치에스애드,30.03,https://aisac.kobaco.co.kr/site/main/advideo/video/uu/861445H01_1_24-TH-08-150
코웨이 icon 얼음 정수기 : 종합편,2024-07-26,15.0,가정용전기전자,주방용전기전자,주방용전기전자기타,코웨이(주),(주)에스엠컬처앤콘텐츠 광고사업부문,(주)차이커뮤니케이션,15.02,https://aisac.kobaco.co.kr/site/main/advideo/video/uu/860921H01_1_24-TH-07-865
아쿠아플라넷 키즈존 일산 : SUN넘는 즐거움편,2024-07-26,30.0,서비스,스포츠및오락시설,공원및테마파크,아쿠아플라넷주식회사,(주)크로스오버커뮤니케이션,부귀영화,30.03,https://aisac.kobaco.co.kr/site/main/advideo/video/uu/860953H01_1_24-TH-07-891
"월트디즈니컴퍼니코리아 스트리밍 : 폭군, 노웨이편",2024-07-26,15.0,서비스,서비스기타,서비스기타,월트디즈니컴퍼니코리아유한책임회사,레오버넷(주),레오버넷,15.02,https://aisac.kobaco.co.kr/site/main/advideo/video/uu/860935H01_1_24-TH-07-884
엘지전자 SMART LIFE SOLUTION : 공간 미래를 연결하다편,2024-07-26,30.0,그룹및기업광고,그룹광고,그룹PR,엘지전자(주),주식회사 에이치에스애드,(주)에이치에스애드,30.03,https://aisac.kobaco.co.kr/site/main/advideo/video/uu/861445H01_1_24-TH-08-150
엘지전자 SMART LIFE SOLUTION : 공간 미래를 연결하다편,2024-07-26,30.0,그룹및기업광고,그룹광고,그룹PR,엘지전자(주),주식회사 에이치에스애드,(주)에이치에스애드,30.03,https://aisac.kobaco.co.kr/site/main/advideo/video/uu/861445H01_1_24-TH-08-150
엘지전자 SMART LIFE SOLUTION : 공간 미래를 연결하다편,2024-07-26,30.0,그룹및기업광고,그룹광고,그룹PR,엘지전자(주),주식회사 에이치에스애드,(주)에이치에스애드,30.03,https://aisac.kobaco.co.kr/site/main/advideo/video/uu/861445H01_1_24-TH-08-150
고리나코리아 PR : 챔피언들의 선택편,2024-07-26,15.0,서비스,스포츠및오락시설,스포츠및오락시설제품종합,고리나코리아,(주)와우매니지먼트그룹,(주)함파트너스,15.02,https://aisac.kobaco.co.kr/site/main/advideo/video/uu/860919H01_1_24-TH-07-863
고리나코리아 PR : 챔피언들의 선택편,2024-07-26,15.0,서비스,스포츠및오락시설,스포츠및오락시설제품종합,고리나코리아,(주)와우매니지먼트그룹,(주)함파트너스,,
웰빙플러스 노도하이라이트 : 가장 새로운편,2024-07-26,15.0,가정용품,주방용품,가스렌지 및 전기렌지,주식회사웰빙플러스,(주)제이커뮤니케이션,(주)제이커뮤니케이션,15.02,https://aisac.kobaco.co.kr/site/main/advideo/video/uu/860925H01_1_24-TH-07-886
씨앤조이 체프리스커피 : 커피의 궁극적 진화편,2024-07-26,30.0,음료및기호식품,비알콜음료,"커피,코코아음료",씨앤조이,주식회사 피어스크리에이티브컴퍼니,주식회사 피어스크리에이티브컴퍼니,30.03,https://aisac.kobaco.co.kr/site/main/advideo/video/uu/860917H01_1_24-TH-07-864
씨앤조이 체프리스커피 : 커피의 궁극적 진화편,2024-07-26,30.0,음료및기호식품,비알콜음료,"커피,코코아음료",씨앤조이,주식회사 피어스크리에이티브컴퍼니,주식회사 피어스크리에이티브컴퍼니,30.03,https://aisac.kobaco.co.kr/site/main/advideo/video/uu/860917H01_1_24-TH-07-864
씨앤조이 체프리스커피 : 커피의 궁극적 진화편,2024-07-26,30.0,음료및기호식품,비알콜음료,"커피,코코아음료",씨앤조이,주식회사 피어스크리에이티브컴퍼니,주식회사 피어스크리에이티브컴퍼니,30.03,https://aisac.kobaco.co.kr/site/main/advideo/video/uu/860917H01_1_24-TH-07-864
하늘별바다 하늘별바다펜션 : 당신의 인생 휴양지는편,2024-07-26,20.0,서비스,음식및숙박,음식및숙박기타,하늘별바다유한회사,(주)우일기획,(주)엠에스미디어,,
코웨이 코웨이icon정수기2 : 더 좋아졌네편,2024-07-26,15.0,가정용품,주방용품,정수기,코웨이(주),(주)에스엠컬처앤콘텐츠 광고사업부문,(주)에스엠컬처앤콘텐츠 광고사업부문,15.02,https://aisac.kobaco.co.kr/site/main/advideo/video/uu/860958H01_1_24-TH-07-895
LG전자 기업PR : 공간과 미래를 연결하다편,2024-07-26,30.0,그룹및기업광고,그룹광고,그룹PR,엘지전자(주),주식회사 에이치에스애드,(주)에이치에스애드,30.03,https://aisac.kobaco.co.kr/site/main/advideo/video/uu/860939H01_1_24-TH-07-882
에스케이텔레콤 SKT GTAA : AI로 대한민국을 새롭게 하는 힘편,2024-07-25,60.0,컴퓨터및정보통신,통신망,이동통신,에스케이텔레콤(주),(주)에스엠컬처앤콘텐츠 광고사업부문,(주)메이트인디펜던스,60.06,https://aisac.kobaco.co.kr/site/main/advideo/video/uu/861840H01_1_24-TH-08-421
에스케이텔레콤 SKT GTAA : AI로 대한민국을 새롭게 하는 힘편,2024-07-25,60.0,컴퓨터및정보통신,통신망,이동통신,에스케이텔레콤(주),(주)에스엠컬처앤콘텐츠 광고사업부문,(주)메이트인디펜던스,60.06,https://aisac.kobaco.co.kr/site/main/advideo/video/uu/861840H01_1_24-TH-08-421
에스케이텔레콤 SKT GTAA : AI로 대한민국을 새롭게 하는 힘편,2024-07-25,60.0,컴퓨터및정보통신,통신망,이동통신,에스케이텔레콤(주),(주)에스엠컬처앤콘텐츠 광고사업부문,(주)메이트인디펜던스,60.06,https://aisac.kobaco.co.kr/site/main/advideo/video/uu/861840H01_1_24-TH-08-421
제주항공 발리 : 진짜 우리가 원하던 곳으로편,2024-07-25,15.0,수송기기,항공수송기기,항공기,(주)제주항공,주식회사 에이치에스애드,스튜디오 메카,15.02,https://aisac.kobaco.co.kr/site/main/advideo/video/uu/860844H01_1_24-TH-07-813
FIRSTFUNHONGKONG 라스트워 : 우린 항상 1위로 달려편,2024-07-25,15.0,컴퓨터및정보통신,컴퓨터게임,모바일게임,FIRSTFUNHONGKONGLIMITED,주식회사 아이브코리아,(주)에스비에스엠앤씨,15.02,https://aisac.kobaco.co.kr/site/main/advideo/video/uu/860889H01_1_24-TH-07-842
전남대학교산학협력단 조기취업형계약학과 : 수시 원서접수편,2024-07-25,20.0,교육및복지후생,교육기관,대학대학원,전남대학교산학협력단여수산학협력본부,한국언론진흥재단,(주)팝펀미디어,20.02,https://aisac.kobaco.co.kr/site/main/advideo/video/uu/860861H01_1_24-TH-07-830
로라엔터테인먼트 뱅뱅 : PRIVATE WINE PLACE편,2024-07-25,15.0,서비스,스포츠및오락시설,스포츠및오락시설기타,주식회사로라엔터테인먼트,피아이오컴퍼니,앤드모어,15.02,https://aisac.kobaco.co.kr/site/main/advideo/video/uu/860859H01_1_24-TX-07-068
에스케이텔레콤 SKT : GTAA 환영합니다편,2024-07-25,60.0,컴퓨터및정보통신,통신망,이동통신,에스케이텔레콤(주),(주)에스엠컬처앤콘텐츠 광고사업부문,(주)메이트인디펜던스,60.06,https://aisac.kobaco.co.kr/site/main/advideo/video/uu/860886H01_1_24-TH-07-833
에스케이텔레콤 SKT : GTAA 환영합니다편,2024-07-25,60.0,컴퓨터및정보통신,통신망,이동통신,에스케이텔레콤(주),(주)에스엠컬처앤콘텐츠 광고사업부문,(주)메이트인디펜던스,60.06,https://aisac.kobaco.co.kr/site/main/advideo/video/uu/860886H01_1_24-TH-07-833
제주항공 : 띄웁니다 일본발리 2차편,2024-07-25,30.0,수송기기,항공수송기기,항공기,(주)제주항공,주식회사 에이치에스애드,스튜디오 메카,30.03,https://aisac.kobaco.co.kr/site/main/advideo/video/uu/860847H01_1_24-TH-07-810
한국가스안전공사 가스안전캠페인 : 행복합니다편,2024-07-25,40.0,관공서및단체,관공서및단체기타,관공서및단체기업PR,한국가스안전공사,,,40.04,https://aisac.kobaco.co.kr/site/main/advideo/video/uu/860916H01_1_24-HC-07-089
케이티 KT 로밍 : 떠나자편,2024-07-25,15.0,컴퓨터및정보통신,통신망,이동통신,(주)케이티,(주)제일기획,제일기획,15.02,https://aisac.kobaco.co.kr/site/main/advideo/video/uu/860850H01_1_24-TH-07-822
삼성전자 SKT 갤럭시 폴더블6 : 보여드릴까요편,2024-07-25,60.0,컴퓨터및정보통신,통신기기,휴대폰,삼성전자(주),(주)제일기획,(주)에스엠컬처앤콘텐츠 광고사업부문,60.06,https://aisac.kobaco.co.kr/site/main/advideo/video/uu/860855H01_1_24-TH-07-814
삼성전자 SKT 갤럭시 Z Flip6 : 보여드릴까요편,2024-07-25,30.0,컴퓨터및정보통신,통신기기,휴대폰,삼성전자(주),(주)제일기획,(주)에스엠컬처앤콘텐츠 광고사업부문,30.03,https://aisac.kobaco.co.kr/site/main/advideo/video/uu/860854H01_1_24-TH-07-816
에스케이텔레콤 T우주패스 : 넷플릭스편,2024-07-25,30.0,컴퓨터및정보통신,통신망,이동통신,에스케이텔레콤(주),(주)에스엠컬처앤콘텐츠 광고사업부문,(주)메이트인디펜던스,60.06,https://aisac.kobaco.co.kr/site/main/advideo/video/uu/860913H01_1_24-TH-07-836
제주항공 : 띄웁니다 발리일본 2차편,2024-07-25,30.0,수송기기,항공수송기기,항공기,(주)제주항공,주식회사 에이치에스애드,스튜디오 메카,30.03,https://aisac.kobaco.co.kr/site/main/advideo/video/uu/860845H01_1_24-TH-07-811
케이비자산운용 KB자산운용 RISE ETF : 할까요편,2024-07-25,15.0,"금융,보험및증권","금융,보험및증권기타","금융,보험및증권기업PR",케이비자산운용(주),주식회사 에이치에스애드,스튜디오 메카,15.02,https://aisac.kobaco.co.kr/site/main/advideo/video/uu/860848H01_1_24-TH-07-809
경남대학교 : 경남의 힘 25년 수시모집편,2024-07-25,20.0,교육및복지후생,교육기관,대학대학원,경남대학교,(주)경남미디어,(주)경남미디어,20.02,https://aisac.kobaco.co.kr/site/main/advideo/video/uu/860893H01_1_24-TH-07-838
웰빙플러스 노도하이라이트 : 만나보세요편,2024-07-25,20.0,가정용품,주방용품,가스렌지 및 전기렌지,주식회사웰빙플러스,(주)제이커뮤니케이션,(주)제이커뮤니케이션,20.02,https://aisac.kobaco.co.kr/site/main/advideo/video/uu/860864H01_1_24-TH-07-831
에스케이텔레콤 SKT : GTAA 환영합니다편,2024-07-25,30.0,컴퓨터및정보통신,통신망,이동통신,에스케이텔레콤(주),(주)에스엠컬처앤콘텐츠 광고사업부문,(주)메이트인디펜던스,60.06,https://aisac.kobaco.co.kr/site/main/advideo/video/uu/860886H01_1_24-TH-07-833
에스케이텔레콤 SKT : GTAA 환영합니다편,2024-07-25,30.0,컴퓨터및정보통신,통신망,이동통신,에스케이텔레콤(주),(주)에스엠컬처앤콘텐츠 광고사업부문,(주)메이트인디펜던스,60.06,https://aisac.kobaco.co.kr/site/main/advideo/video/uu/860886H01_1_24-TH-07-833
스마트인 파주운정가구단지 : 여름특가전편,2024-07-25,15.0,가정용품,가구류,가구류제품종합,스마트인,(주)움티안,(주) 움티안,15.02,https://aisac.kobaco.co.kr/site/main/advideo/video/uu/860863H01_1_24-TH-07-826
에스케이텔레콤 SKT : GTAA 환영합니다 F편,2024-07-25,30.0,컴퓨터및정보통신,통신망,이동통신,에스케이텔레콤(주),(주)에스엠컬처앤콘텐츠 광고사업부문,(주)메이트인디펜던스,30.03,https://aisac.kobaco.co.kr/site/main/advideo/video/uu/860887H01_1_24-TH-07-834
에스케이텔레콤 SKT 갤럭시 폴더블6 : 보여드릴까요편,2024-07-25,60.0,컴퓨터및정보통신,통신기기,휴대폰,에스케이텔레콤(주),(주)에스엠컬처앤콘텐츠 광고사업부문,(주)에스엠컬처앤콘텐츠 광고사업부문,60.06,https://aisac.kobaco.co.kr/site/main/advideo/video/uu/860857H01_1_24-TH-07-815
에스케이텔레콤 SKT 갤럭시 Z Flip6 : 육대급 혜택편,2024-07-25,30.0,컴퓨터및정보통신,통신기기,휴대폰,에스케이텔레콤(주),(주)에스엠컬처앤콘텐츠 광고사업부문,(주)에스엠컬처앤콘텐츠 광고사업부문,30.03,https://aisac.kobaco.co.kr/site/main/advideo/video/uu/860856H01_1_24-TH-07-817
에스케이텔레콤 SKT 갤럭시 Z Flip6 : 육대급 혜택편,2024-07-25,30.0,컴퓨터및정보통신,통신기기,휴대폰,에스케이텔레콤(주),(주)에스엠컬처앤콘텐츠 광고사업부문,(주)에스엠컬처앤콘텐츠 광고사업부문,30.03,https://aisac.kobaco.co.kr/site/main/advideo/video/uu/860856H01_1_24-TH-07-817
비케이알 버거킹 : 콰트로치즈 비프라구 와퍼편,2024-07-25,15.0,식품,제빵,"햄버거,피자및샌드위치",주식회사비케이알,(주)제일기획,제일기획,15.02,https://aisac.kobaco.co.kr/site/main/advideo/video/uu/860858H01_1_24-TX-07-070
월트디즈니 데드풀과 울버린 : 절찬 상영중편,2024-07-25,15.0,서비스,서비스기타,서비스기타,월트디즈니컴퍼니코리아유한책임회사,레오버넷(주),레오버넷,15.02,https://aisac.kobaco.co.kr/site/main/advideo/video/uu/860894H01_1_24-TX-07-071
에스케이텔레콤 T우주패스: 넷플릭스편,2024-07-25,60.0,컴퓨터및정보통신,통신망,이동통신,에스케이텔레콤(주),(주)에스엠컬처앤콘텐츠 광고사업부문,(주)메이트인디펜던스,60.06,https://aisac.kobaco.co.kr/site/main/advideo/video/uu/860913H01_1_24-TH-07-836
홈플러스 썸머 슈퍼세일 : 홈플런편,2024-07-25,15.0,유통,대형유통,대형유통제품종합,홈플러스(주),주식회사 에이치에스애드,(주)에이치에스애드,15.02,https://aisac.kobaco.co.kr/site/main/advideo/video/uu/860851H01_1_24-TH-07-821
에스케이텔레콤 SKT T 로밍 바로요금제 : 가족 모두 로밍 해결편,2024-07-25,30.0,컴퓨터및정보통신,통신망,이동통신,에스케이텔레콤(주),(주)에스엠컬처앤콘텐츠 광고사업부문,(주)메이트인디펜던스,30.03,https://aisac.kobaco.co.kr/site/main/advideo/video/uu/860879H01_1_24-TH-07-820
캐롯손해보험 캐롯 : 재가입률편,2024-07-25,15.0,"금융,보험및증권",금융및보험,손해보험,캐롯손해보험주식회사,(주)에스엠컬처앤콘텐츠 광고사업부문,(주)에스엠컬처앤콘텐츠 광고사업부문,15.02,https://aisac.kobaco.co.kr/site/main/advideo/video/uu/861738H01_1_24-TH-08-372
캐롯손해보험 캐롯 : 재가입률편,2024-07-25,15.0,"금융,보험및증권",금융및보험,손해보험,캐롯손해보험주식회사,(주)에스엠컬처앤콘텐츠 광고사업부문,(주)에스엠컬처앤콘텐츠 광고사업부문,,
캐롯손해보험 캐롯 : 재가입률편,2024-07-25,15.0,"금융,보험및증권",금융및보험,손해보험,캐롯손해보험주식회사,(주)에스엠컬처앤콘텐츠 광고사업부문,(주)에스엠컬처앤콘텐츠 광고사업부문,,
퍼스트펀 라스트워 서바이벌 : 우린 항상 1위로 달려편,2024-07-25,15.0,컴퓨터및정보통신,컴퓨터게임,모바일게임,퍼스트펀,(주)에스비에스엠앤씨,(주)에스비에스엠앤씨,15.02,https://aisac.kobaco.co.kr/site/main/advideo/video/uu/860889H01_1_24-TH-07-842
케이티 KT 갤럭시 Z 플립6 : KT니까 괜찮아편,2024-07-25,30.0,컴퓨터및정보통신,통신망,이동통신,(주)케이티,(주)제일기획,제일기획,30.03,https://aisac.kobaco.co.kr/site/main/advideo/video/uu/860862H01_1_24-TH-07-825
제주항공 : 일본편,2024-07-25,15.0,수송기기,항공수송기기,항공기,(주)제주항공,주식회사 에이치에스애드,스튜디오 메카,15.02,https://aisac.kobaco.co.kr/site/main/advideo/video/uu/861986H01_1_24-TH-08-526
제주항공 : 일본편,2024-07-25,15.0,수송기기,항공수송기기,항공기,(주)제주항공,주식회사 에이치에스애드,스튜디오 메카,15.02,https://aisac.kobaco.co.kr/site/main/advideo/video/uu/861986H01_1_24-TH-08-526
케이티 KT 로밍 : 함께 쓰는 로밍편,2024-07-25,30.0,컴퓨터및정보통신,통신망,이동통신,(주)케이티,(주)제일기획,제일기획,30.03,https://aisac.kobaco.co.kr/site/main/advideo/video/uu/861102H01_1_24-TH-07-985
케이티 KT 로밍 : 함께 쓰는 로밍편,2024-07-25,30.0,컴퓨터및정보통신,통신망,이동통신,(주)케이티,(주)제일기획,제일기획,30.03,https://aisac.kobaco.co.kr/site/main/advideo/video/uu/861102H01_1_24-TH-07-985
에스케이텔레콤 SKT 갤럭시 Z Fold6 : 육대급 혜택편,2024-07-25,30.0,컴퓨터및정보통신,통신기기,휴대폰,에스케이텔레콤(주),(주)에스엠컬처앤콘텐츠 광고사업부문,(주)에스엠컬처앤콘텐츠 광고사업부문,30.03,https://aisac.kobaco.co.kr/site/main/advideo/video/uu/860852H01_1_24-TH-07-818
에스케이텔레콤 SKT 갤럭시 Z Fold6 : 육대급 혜택편,2024-07-25,30.0,컴퓨터및정보통신,통신기기,휴대폰,에스케이텔레콤(주),(주)에스엠컬처앤콘텐츠 광고사업부문,(주)에스엠컬처앤콘텐츠 광고사업부문,30.03,https://aisac.kobaco.co.kr/site/main/advideo/video/uu/860852H01_1_24-TH-07-818
에스케이텔레콤 SKT 갤럭시 Z Fold6 : 육대급 혜택편,2024-07-25,30.0,컴퓨터및정보통신,통신기기,휴대폰,에스케이텔레콤(주),(주)에스엠컬처앤콘텐츠 광고사업부문,(주)에스엠컬처앤콘텐츠 광고사업부문,30.03,https://aisac.kobaco.co.kr/site/main/advideo/video/uu/860852H01_1_24-TH-07-818
에스케이텔레콤 SKT 갤럭시 Z Fold6 : 육대급 혜택편,2024-07-25,30.0,컴퓨터및정보통신,통신기기,휴대폰,에스케이텔레콤(주),(주)에스엠컬처앤콘텐츠 광고사업부문,(주)에스엠컬처앤콘텐츠 광고사업부문,30.03,https://aisac.kobaco.co.kr/site/main/advideo/video/uu/860852H01_1_24-TH-07-818
정관장 알엑스진 피크업 : 남자의 성공테크닉편,2024-07-25,15.0,식품,건강식품,건강보조식품,정관장,,,15.02,https://aisac.kobaco.co.kr/site/main/advideo/video/uu/860881H01_1_24-HC-07-087
에스케이텔레콤 SKT 갤럭시 Z Fold6 : 육대급 혜택편,2024-07-25,30.0,컴퓨터및정보통신,통신기기,휴대폰,에스케이텔레콤,(주)제일기획,(주)에스엠컬처앤콘텐츠 광고사업부문,30.03,https://aisac.kobaco.co.kr/site/main/advideo/video/uu/860852H01_1_24-TH-07-818
에스케이텔레콤 SKT 갤럭시 Z Fold6 : 육대급 혜택편,2024-07-25,30.0,컴퓨터및정보통신,통신기기,휴대폰,에스케이텔레콤,(주)제일기획,(주)에스엠컬처앤콘텐츠 광고사업부문,30.03,https://aisac.kobaco.co.kr/site/main/advideo/video/uu/860852H01_1_24-TH-07-818
에스케이텔레콤 SKT 갤럭시 Z Fold6 : 육대급 혜택편,2024-07-25,30.0,컴퓨터및정보통신,통신기기,휴대폰,에스케이텔레콤,(주)제일기획,(주)에스엠컬처앤콘텐츠 광고사업부문,30.03,https://aisac.kobaco.co.kr/site/main/advideo/video/uu/860852H01_1_24-TH-07-818
에스케이텔레콤 SKT 갤럭시 Z Fold6 : 육대급 혜택편,2024-07-25,30.0,컴퓨터및정보통신,통신기기,휴대폰,에스케이텔레콤,(주)제일기획,(주)에스엠컬처앤콘텐츠 광고사업부문,30.03,https://aisac.kobaco.co.kr/site/main/advideo/video/uu/860852H01_1_24-TH-07-818
케이티  KT 로밍 : 함께 쓰는 로밍편,2024-07-25,30.0,컴퓨터및정보통신,통신망,이동통신,(주)케이티,(주)제일기획,제일기획,30.03,https://aisac.kobaco.co.kr/site/main/advideo/video/uu/861102H01_1_24-TH-07-985
케이씨씨건설 : KCC건설 기업PR 식구편1,2024-07-24,60.0,그룹및기업광고,기타광고,기타기업PR,(주)케이씨씨건설,(주)이노션,주식회사 이노션,60.06,https://aisac.kobaco.co.kr/site/main/advideo/video/uu/860744H01_1_24-TH-07-725
코웨이 : 상체 리클라이닝 안마베드,2024-07-24,15.0,가정용전기전자,가정용전기전자기타,가정용전기전자기타,코웨이(주),(주)에스엠컬처앤콘텐츠 광고사업부문,(주)차이커뮤니케이션,15.02,https://aisac.kobaco.co.kr/site/main/advideo/video/uu/860812H01_1_24-TH-07-782
롯데칠성음료 : 레몬진 탄산주 여름편,2024-07-24,15.0,음료및기호식품,알콜음료,알콜음료기타,롯데칠성음료(주),(주)대홍기획,대홍기획,15.02,https://aisac.kobaco.co.kr/site/main/advideo/video/uu/860788H01_1_24-TX-07-062
씨앤조이 : 체프리스 커피 프랜차이즈 문의,2024-07-24,30.0,음료및기호식품,비알콜음료,"커피,코코아음료",씨앤조이,주식회사 피어스크리에이티브컴퍼니,주식회사 피어스크리에이티브컴퍼니,30.03,https://aisac.kobaco.co.kr/site/main/advideo/video/uu/860764H01_1_24-TH-07-748
농협은행 : NH올원뱅크 달콤혜택 30초,2024-07-24,30.0,"금융,보험및증권",금융및보험,은행,농협은행주식회사,(주)딥다이브컴퍼니,뮤지엄컨텐츠,30.03,https://aisac.kobaco.co.kr/site/main/advideo/video/uu/860730H01_1_24-TH-07-731
삼성전자 : Galaxy Z시리즈 15초,2024-07-24,15.0,컴퓨터및정보통신,통신기기,휴대폰,삼성전자(주),(주)제일기획,제일기획,15.02,https://aisac.kobaco.co.kr/site/main/advideo/video/uu/860825H01_1_24-TH-07-793
케이티 :  KT 함께쓰는 로밍,2024-07-24,15.0,컴퓨터및정보통신,통신망,이동통신,(주)케이티,(주)제일기획,제일기획,15.02,https://aisac.kobaco.co.kr/site/main/advideo/video/uu/860761H01_1_24-TH-07-743
농협은행 : NH올원뱅크 달콤혜택 15초,2024-07-24,15.0,"금융,보험및증권",금융및보험,은행,농협은행주식회사,(주)딥다이브컴퍼니,뮤지엄컨텐츠,15.02,https://aisac.kobaco.co.kr/site/main/advideo/video/uu/861330H01_1_24-TH-08-055
제주항공 : 발리편,2024-07-24,15.0,수송기기,항공수송기기,항공기,(주)제주항공,주식회사 에이치에스애드,스튜디오 메카,15.02,https://aisac.kobaco.co.kr/site/main/advideo/video/uu/860977H01_1_24-TH-07-911
제주항공 : 일본편,2024-07-24,15.0,수송기기,항공수송기기,항공기,(주)제주항공,주식회사 에이치에스애드,스튜디오 메카,15.02,https://aisac.kobaco.co.kr/site/main/advideo/video/uu/861986H01_1_24-TH-08-526
제주항공 : 일본편,2024-07-24,15.0,수송기기,항공수송기기,항공기,(주)제주항공,주식회사 에이치에스애드,스튜디오 메카,15.02,https://aisac.kobaco.co.kr/site/main/advideo/video/uu/861986H01_1_24-TH-08-526
케이씨씨건설 : KCC건설 기업PR 식구편4,2024-07-24,60.0,그룹및기업광고,기타광고,기타기업PR,(주)케이씨씨건설,(주)이노션,주식회사 이노션,60.06,https://aisac.kobaco.co.kr/site/main/advideo/video/uu/860732H01_1_24-TH-07-722
케이씨씨건설 : KCC건설 기업PR 식구편3,2024-07-24,60.0,그룹및기업광고,기타광고,기타기업PR,(주)케이씨씨건설,(주)이노션,주식회사 이노션,60.06,https://aisac.kobaco.co.kr/site/main/advideo/video/uu/860731H01_1_24-TH-07-723
월트디즈니컴퍼니코리아 폭군 : 단독 공개편,2024-07-24,15.0,서비스,서비스기타,서비스기타,월트디즈니컴퍼니코리아유한책임회사,레오버넷(주),레오버넷,15.02,https://aisac.kobaco.co.kr/site/main/advideo/video/uu/860762H01_1_24-TH-07-750
삼성전자 갤럭시Z폴더블6 : 와우편,2024-07-24,15.0,컴퓨터및정보통신,통신기기,휴대폰,삼성전자(주),(주)제일기획,제일기획,15.02,https://aisac.kobaco.co.kr/site/main/advideo/video/uu/860824H01_1_24-TH-07-792
삼성전자 갤럭시Z폴더블6 : 와우편,2024-07-24,15.0,컴퓨터및정보통신,통신기기,휴대폰,삼성전자(주),(주)제일기획,제일기획,15.02,https://aisac.kobaco.co.kr/site/main/advideo/video/uu/860824H01_1_24-TH-07-792
삼성전자 갤럭시Z폴더블6 : 와우편,2024-07-24,15.0,컴퓨터및정보통신,통신기기,휴대폰,삼성전자(주),(주)제일기획,제일기획,15.02,https://aisac.kobaco.co.kr/site/main/advideo/video/uu/860824H01_1_24-TH-07-792
농협은행 NH올원뱅크 : 없나요 수정편,2024-07-24,15.0,"금융,보험및증권",금융및보험,은행,농협은행주식회사,(주)딥다이브컴퍼니,뮤지엄컨텐츠,15.02,https://aisac.kobaco.co.kr/site/main/advideo/video/uu/860740H01_1_24-TH-07-727
서울시의사회 서울특별시의사회 : 지켜주십시오편,2024-07-24,15.0,관공서및단체,단체,민간단체,서울시의사회,(주)스파이럴미디어,(주)포스트매드맨,15.02,https://aisac.kobaco.co.kr/site/main/advideo/video/uu/860823H01_1_24-TH-07-789
삼성전자 갤럭시Z폴더블6 : 도전해볼께요편,2024-07-24,15.0,컴퓨터및정보통신,통신기기,휴대폰,삼성전자(주),(주)제일기획,제일기획,15.02,https://aisac.kobaco.co.kr/site/main/advideo/video/uu/860826H01_1_24-TH-07-794
삼성전자 갤럭시Z폴더블6 : 도전해볼께요편,2024-07-24,15.0,컴퓨터및정보통신,통신기기,휴대폰,삼성전자(주),(주)제일기획,제일기획,15.02,https://aisac.kobaco.co.kr/site/main/advideo/video/uu/860826H01_1_24-TH-07-794
두울황토방청호가구요한이네 황토방 흙돌침대 : 만나보세요편,2024-07-24,20.0,가정용품,가구류,가구류제품종합,두울황토방청호가구요한이네,(주)우일기획,(주)우일기획,20.02,https://aisac.kobaco.co.kr/site/main/advideo/video/uu/860820H01_1_24-TH-07-790
월트디즈니컴퍼니코리아 디즈니플러스 : 예능 보고 디플 때편,2024-07-24,15.0,서비스,서비스기타,서비스기타,월트디즈니컴퍼니코리아유한책임회사,레오버넷(주),레오버넷,15.02,https://aisac.kobaco.co.kr/site/main/advideo/video/uu/861301H01_1_24-TH-08-048
오비맥주 카스 : 소리 펜싱편,2024-07-24,30.0,음료및기호식품,알콜음료,맥주,오비맥주주식회사,레오버넷(주),로켓샐러드,30.03,https://aisac.kobaco.co.kr/site/main/advideo/video/uu/860728H01_1_24-TX-07-057
오비맥주 카스 : 스토리 펜싱편,2024-07-24,30.0,음료및기호식품,알콜음료,맥주,오비맥주주식회사,주식회사 온보드그룹,로켓샐러드,30.03,https://aisac.kobaco.co.kr/site/main/advideo/video/uu/860726H01_1_24-TX-07-058
월트디즈니컴퍼니코리아 에이리언 로물루스 : 대개봉편,2024-07-24,30.0,서비스,문화및공연,영화,월트디즈니컴퍼니코리아유한책임회사,레오버넷(주),레오버넷,30.03,https://aisac.kobaco.co.kr/site/main/advideo/video/uu/860760H01_1_24-TH-07-752
제주항공 : 제이가 있다 일본발리편,2024-07-24,30.0,수송기기,항공수송기기,항공기,(주)제주항공,주식회사 에이치에스애드,스튜디오 메카,30.03,https://aisac.kobaco.co.kr/site/main/advideo/video/uu/860751H01_1_24-TH-07-740
케이씨씨건설 KCC건설 : 돼지수육 구이편,2024-07-24,60.0,그룹및기업광고,기타광고,기타기업PR,(주)케이씨씨건설,(주)이노션,주식회사 이노션,60.06,https://aisac.kobaco.co.kr/site/main/advideo/video/uu/860733H01_1_24-TH-07-721
어댑트 콜레올로지 신봉선다이어트성공세트 : 검색하세요 8월편,2024-07-24,15.0,식품,건강식품,다이어트식품,주식회사어댑트(adaptInc.),(주)제일기획,(주)앨리스퀘어크리에이티브,15.02,https://aisac.kobaco.co.kr/site/main/advideo/video/uu/860784H01_1_24-TH-07-755
봄소와광주점 봄소와 : 잘 샀다 입주혼수특별전편,2024-07-24,15.0,가정용품,가구류,가구류제품종합,봄소와광주점,(주)우일기획,(주)우일기획,15.02,https://aisac.kobaco.co.kr/site/main/advideo/video/uu/860819H01_1_24-TH-07-791
제주항공 : 제이가 있다 발리일본편,2024-07-24,30.0,수송기기,항공수송기기,항공기,(주)제주항공,주식회사 에이치에스애드,스튜디오 메카,30.03,https://aisac.kobaco.co.kr/site/main/advideo/video/uu/860754H01_1_24-TH-07-741
아쿠아플라넷 광교 : 키즈존편,2024-07-24,30.0,서비스,스포츠및오락시설,공원및테마파크,아쿠아플라넷주식회사,(주)크로스오버커뮤니케이션,부귀영화,30.03,https://aisac.kobaco.co.kr/site/main/advideo/video/uu/862596H01_1_24-TH-09-043
악사손해보험 AXA손해보험 : 나를 지켜주는 암보험편,2024-07-24,60.0,"금융,보험및증권","금융,보험및증권기타","금융,보험및증권기업PR",악사손해보험,,,60.06,https://aisac.kobaco.co.kr/site/main/advideo/video/uu/860779H01_1_24-HC-07-084
미래엔 : 클래스가 다르다편,2024-07-24,30.0,출판,초등학생용교재,초등학생용학습지,(주)미래엔,(주)디블렌트,(주)디블렌트,30.03,https://aisac.kobaco.co.kr/site/main/advideo/video/uu/861175H01_1_24-TJ-07-041
미래엔 : 클래스가 다르다편,2024-07-24,30.0,출판,초등학생용교재,초등학생용학습지,(주)미래엔,(주)디블렌트,(주)디블렌트,30.03,https://aisac.kobaco.co.kr/site/main/advideo/video/uu/861175H01_1_24-TJ-07-041
미래엔 : 클래스가 다르다편,2024-07-24,30.0,출판,초등학생용교재,초등학생용학습지,(주)미래엔,(주)디블렌트,(주)디블렌트,30.03,https://aisac.kobaco.co.kr/site/main/advideo/video/uu/861175H01_1_24-TJ-07-041
미래엔 : 클래스가 다르다편,2024-07-24,30.0,출판,초등학생용교재,초등학생용학습지,(주)미래엔,(주)디블렌트,(주)디블렌트,30.03,https://aisac.kobaco.co.kr/site/main/advideo/video/uu/861175H01_1_24-TJ-07-041
코웨이 리클라이닝 안마베드 : 시작편,2024-07-24,15.0,가정용전기전자,가정용전기전자기타,가정용전기전자기타,코웨이(주),(주)에스엠컬처앤콘텐츠 광고사업부문,(주)차이커뮤니케이션,15.02,https://aisac.kobaco.co.kr/site/main/advideo/video/uu/860813H01_1_24-TH-07-784
코웨이 리클라이닝 안마베드 : 안마의 마무리편,2024-07-24,15.0,가정용전기전자,가정용전기전자기타,가정용전기전자기타,코웨이(주),(주)에스엠컬처앤콘텐츠 광고사업부문,(주)차이커뮤니케이션,15.02,https://aisac.kobaco.co.kr/site/main/advideo/video/uu/860803H01_1_24-TH-07-783
삼성전자 갤럭시 Z 폴드6 : 노트 어시스트편,2024-07-24,15.0,컴퓨터및정보통신,통신기기,휴대폰,삼성전자(주),(주)제일기획,제일기획,15.02,https://aisac.kobaco.co.kr/site/main/advideo/video/uu/860737H01_1_24-TH-07-717
오비맥주 카스 : 올림픽 승리의 소리편,2024-07-24,15.0,음료및기호식품,알콜음료,맥주,오비맥주주식회사,레오버넷(주),로켓샐러드,15.02,https://aisac.kobaco.co.kr/site/main/advideo/video/uu/860829H01_1_24-TX-07-067
어댑트 오브제 덱 커버로션 : 최고 버전편,2024-07-24,15.0,식품,건강식품,다이어트식품,주식회사어댑트(adaptInc.),직접거래,(주)앨리스퀘어크리에이티브,15.02,https://aisac.kobaco.co.kr/site/main/advideo/video/uu/860759H01_1_24-TH-07-754
미래엔 : 클래스가 다르다편,2024-07-24,15.0,출판,초등학생용교재,초등학생용학습지,(주)미래엔,(주)디블렌트,(주)디블렌트,30.03,https://aisac.kobaco.co.kr/site/main/advideo/video/uu/861175H01_1_24-TJ-07-041
미래엔 : 클래스가 다르다편,2024-07-24,15.0,출판,초등학생용교재,초등학생용학습지,(주)미래엔,(주)디블렌트,(주)디블렌트,30.03,https://aisac.kobaco.co.kr/site/main/advideo/video/uu/861175H01_1_24-TJ-07-041
미래엔 : 클래스가 다르다편,2024-07-24,15.0,출판,초등학생용교재,초등학생용학습지,(주)미래엔,(주)디블렌트,(주)디블렌트,30.03,https://aisac.kobaco.co.kr/site/main/advideo/video/uu/861175H01_1_24-TJ-07-041
미래엔 : 클래스가 다르다편,2024-07-24,15.0,출판,초등학생용교재,초등학생용학습지,(주)미래엔,(주)디블렌트,(주)디블렌트,30.03,https://aisac.kobaco.co.kr/site/main/advideo/video/uu/861175H01_1_24-TJ-07-041
케이비자산운용  KB자산운용 RISE ETF : 떠오르는 투자편,2024-07-24,15.0,"금융,보험및증권","금융,보험및증권기타","금융,보험및증권기업PR",케이비자산운용(주),주식회사 에이치에스애드,스튜디오 메카,15.02,https://aisac.kobaco.co.kr/site/main/advideo/video/uu/860791H01_1_24-TH-07-786
오비맥주 카스 : 올림픽편,2024-07-24,15.0,음료및기호식품,알콜음료,맥주,오비맥주주식회사,레오버넷(주),로켓샐러드,30.03,https://aisac.kobaco.co.kr/site/main/advideo/video/uu/861295H01_1_24-TX-08-004
오비맥주 카스 : 올림픽편,2024-07-24,15.0,음료및기호식품,알콜음료,맥주,오비맥주주식회사,레오버넷(주),로켓샐러드,30.03,https://aisac.kobaco.co.kr/site/main/advideo/video/uu/861295H01_1_24-TX-08-004
오비맥주 카스 : 올림픽편,2024-07-24,15.0,음료및기호식품,알콜음료,맥주,오비맥주주식회사,레오버넷(주),로켓샐러드,,
농협은행 NH올원뱅크 : 개인맞춤편,2024-07-24,30.0,"금융,보험및증권",금융및보험,은행,농협은행주식회사,(주)딥다이브컴퍼니,뮤지엄컨텐츠,30.03,https://aisac.kobaco.co.kr/site/main/advideo/video/uu/861328H01_1_24-TH-08-059
농협은행 NH올원뱅크 : 개인맞춤편,2024-07-24,30.0,"금융,보험및증권",금융및보험,은행,농협은행주식회사,(주)딥다이브컴퍼니,뮤지엄컨텐츠,30.03,https://aisac.kobaco.co.kr/site/main/advideo/video/uu/861328H01_1_24-TH-08-059
농협은행 NH올원뱅크 : 개인맞춤편,2024-07-24,30.0,"금융,보험및증권",금융및보험,은행,농협은행주식회사,(주)딥다이브컴퍼니,뮤지엄컨텐츠,30.03,https://aisac.kobaco.co.kr/site/main/advideo/video/uu/861328H01_1_24-TH-08-059
하겐다즈 : 편의점 혜택편,2024-07-24,15.0,식품,아이스크림,아이스크림제품종합,한국하겐-다즈(주),미디어브랜즈코리아 주식회사,미디어브랜즈코리아 주식회사,15.02,https://aisac.kobaco.co.kr/site/main/advideo/video/uu/860778H01_1_24-TX-07-061
서울특별시의사회  : 돌아가고 싶습니다편,2024-07-24,15.0,관공서및단체,단체,민간단체,서울시의사회,(주)스파이럴미디어,(주)포스트매드맨,15.02,https://aisac.kobaco.co.kr/site/main/advideo/video/uu/860821H01_1_24-TH-07-787
한국토요타자동차 렉서스 LM : 런칭편,2024-07-24,30.0,수송기기,수입자동차,수입자동차기타,한국토요타자동차(주),(주)덴츠크리에이티브코리아,덴츠맥거리보웬,15.02,https://aisac.kobaco.co.kr/site/main/advideo/video/uu/862603H01_1_24-TH-09-049
한국토요타자동차 렉서스 LM : 런칭편,2024-07-24,30.0,수송기기,수입자동차,수입자동차기타,한국토요타자동차(주),(주)덴츠크리에이티브코리아,덴츠맥거리보웬,15.02,https://aisac.kobaco.co.kr/site/main/advideo/video/uu/862603H01_1_24-TH-09-049
삼성전자 노트 어시스트 : 바꿔보상편,2024-07-24,30.0,컴퓨터및정보통신,통신기기,휴대폰,삼성전자(주),(주)제일기획,제일기획,30.03,https://aisac.kobaco.co.kr/site/main/advideo/video/uu/861347H01_1_24-TH-08-077
오비맥주 카스 : 올림픽 시즌 메달존편,2024-07-24,30.0,음료및기호식품,알콜음료,맥주,오비맥주주식회사,레오버넷(주),로켓샐러드,30.03,https://aisac.kobaco.co.kr/site/main/advideo/video/uu/860828H01_1_24-TX-07-065
유엔난민기구 정기후원 : 우크라이나 난민구호편,2024-07-24,60.0,관공서및단체,단체,민간단체,(주)연합뉴스티브이,(주)연합뉴스티브이,,60.06,https://aisac.kobaco.co.kr/site/main/advideo/video/uu/860843H01_1_24-HC-07-086
유엔난민기구 정기후원 : 우크라이나 난민구호편,2024-07-24,60.0,관공서및단체,단체,민간단체,(주)연합뉴스티브이,(주)연합뉴스티브이,,,
농협은행 NH올원뱅크 : 금융상품몰편,2024-07-24,30.0,"금융,보험및증권",금융및보험,은행,농협은행주식회사,(주)딥다이브컴퍼니,뮤지엄컨텐츠,30.03,https://aisac.kobaco.co.kr/site/main/advideo/video/uu/861327H01_1_24-TH-08-057
농협은행 NH올원뱅크 : 금융상품몰편,2024-07-24,30.0,"금융,보험및증권",금융및보험,은행,농협은행주식회사,(주)딥다이브컴퍼니,뮤지엄컨텐츠,30.03,https://aisac.kobaco.co.kr/site/main/advideo/video/uu/861327H01_1_24-TH-08-057
농협은행 NH올원뱅크 : 개인맞춤편,2024-07-24,15.0,"금융,보험및증권",금융및보험,은행,농협은행주식회사,(주)딥다이브컴퍼니,뮤지엄컨텐츠,30.03,https://aisac.kobaco.co.kr/site/main/advideo/video/uu/861328H01_1_24-TH-08-059
농협은행 NH올원뱅크 : 개인맞춤편,2024-07-24,15.0,"금융,보험및증권",금융및보험,은행,농협은행주식회사,(주)딥다이브컴퍼니,뮤지엄컨텐츠,30.03,https://aisac.kobaco.co.kr/site/main/advideo/video/uu/861328H01_1_24-TH-08-059
농협은행 NH올원뱅크 : 개인맞춤편,2024-07-24,15.0,"금융,보험및증권",금융및보험,은행,농협은행주식회사,(주)딥다이브컴퍼니,뮤지엄컨텐츠,30.03,https://aisac.kobaco.co.kr/site/main/advideo/video/uu/861328H01_1_24-TH-08-059
케이티 KT 로밍 : 함께 쓰는 로밍편,2024-07-24,30.0,컴퓨터및정보통신,통신망,이동통신,(주)케이티,(주)제일기획,제일기획,30.03,https://aisac.kobaco.co.kr/site/main/advideo/video/uu/861102H01_1_24-TH-07-985
케이티 KT 로밍 : 함께 쓰는 로밍편,2024-07-24,30.0,컴퓨터및정보통신,통신망,이동통신,(주)케이티,(주)제일기획,제일기획,30.03,https://aisac.kobaco.co.kr/site/main/advideo/video/uu/861102H01_1_24-TH-07-985
롯데칠성음료 레몬진 : 여름편,2024-07-24,15.0,음료및기호식품,알콜음료,알콜음료기타,롯데칠성음료(주)주류비지,(주)대홍기획,대홍기획,15.02,https://aisac.kobaco.co.kr/site/main/advideo/video/uu/860788H01_1_24-TX-07-062
서울특별시의사회 PR : 무릎편,2024-07-24,15.0,관공서및단체,단체,민간단체,서울시의사회,(주)스파이럴미디어,(주)포스트매드맨,15.02,https://aisac.kobaco.co.kr/site/main/advideo/video/uu/860822H01_1_24-TH-07-788
케이씨씨건설 SWItZEN : 한 끼 정도는 함께 하는 사이가 식구입니다편,2024-07-24,60.0,그룹및기업광고,기타광고,기타기업PR,(주)케이씨씨건설,(주)이노션,주식회사 이노션,60.06,https://aisac.kobaco.co.kr/site/main/advideo/video/uu/860745H01_1_24-TH-07-724
코웨이 리클라이닝 안마베드 : 국내 최초편,2024-07-24,15.0,가정용전기전자,가정용전기전자기타,가정용전기전자기타,코웨이(주),(주)에스엠컬처앤콘텐츠 광고사업부문,(주)차이커뮤니케이션,15.02,https://aisac.kobaco.co.kr/site/main/advideo/video/uu/860792H01_1_24-TH-07-785
코웨이 리클라이닝 안마베드 : 국내 최초편,2024-07-24,15.0,가정용전기전자,가정용전기전자기타,가정용전기전자기타,코웨이(주),(주)에스엠컬처앤콘텐츠 광고사업부문,(주)차이커뮤니케이션,,
코웨이 리클라이닝 안마베드 : 국내 최초편,2024-07-24,15.0,가정용전기전자,가정용전기전자기타,가정용전기전자기타,코웨이(주),(주)에스엠컬처앤콘텐츠 광고사업부문,(주)차이커뮤니케이션,,
코웨이 리클라이닝 안마베드 : 국내 최초편,2024-07-24,15.0,가정용전기전자,가정용전기전자기타,가정용전기전자기타,코웨이(주),(주)에스엠컬처앤콘텐츠 광고사업부문,(주)차이커뮤니케이션,,
코웨이 리클라이닝 안마베드 : 국내 최초편,2024-07-24,15.0,가정용전기전자,가정용전기전자기타,가정용전기전자기타,코웨이(주),(주)에스엠컬처앤콘텐츠 광고사업부문,(주)차이커뮤니케이션,,
코웨이 리클라이닝 안마베드 : 국내 최초편,2024-07-24,15.0,가정용전기전자,가정용전기전자기타,가정용전기전자기타,코웨이(주),(주)에스엠컬처앤콘텐츠 광고사업부문,(주)차이커뮤니케이션,,
에스케이텔레콤 : SKT 갤럭시 폴더블6 60초,2024-07-23,60.0,컴퓨터및정보통신,통신기기,휴대폰,에스케이텔레콤(주),(주)에스엠컬처앤콘텐츠 광고사업부문,(주)에스엠컬처앤콘텐츠 광고사업부문,60.06,https://aisac.kobaco.co.kr/site/main/advideo/video/uu/860713H01_1_24-TH-07-702
에스케이텔레콤 : SKT 갤럭시 폴더블6 60초,2024-07-23,60.0,컴퓨터및정보통신,통신기기,휴대폰,에스케이텔레콤(주),(주)에스엠컬처앤콘텐츠 광고사업부문,(주)에스엠컬처앤콘텐츠 광고사업부문,60.06,https://aisac.kobaco.co.kr/site/main/advideo/video/uu/860713H01_1_24-TH-07-702
에스케이텔레콤 SKT 갤럭시 폴더블6 : 육대급혜택편,2024-07-23,60.0,컴퓨터및정보통신,통신기기,휴대폰,에스케이텔레콤(주),(주)제일기획,(주)에스엠컬처앤콘텐츠 광고사업부문,60.06,https://aisac.kobaco.co.kr/site/main/advideo/video/uu/860714H01_1_24-TH-07-701
에스케이텔레콤 SKT 갤럭시 Z Flip6 : 육대급혜택편,2024-07-23,30.0,컴퓨터및정보통신,통신기기,휴대폰,에스케이텔레콤(주),(주)에스엠컬처앤콘텐츠 광고사업부문,(주)에스엠컬처앤콘텐츠 광고사업부문,30.03,https://aisac.kobaco.co.kr/site/main/advideo/video/uu/860712H01_1_24-TH-07-703
에스케이텔레콤 SKT 갤럭시 Z Flip6 : 육대급혜택편,2024-07-23,30.0,컴퓨터및정보통신,통신기기,휴대폰,에스케이텔레콤(주),(주)에스엠컬처앤콘텐츠 광고사업부문,(주)에스엠컬처앤콘텐츠 광고사업부문,30.03,https://aisac.kobaco.co.kr/site/main/advideo/video/uu/860712H01_1_24-TH-07-703
에스케이텔레콤 SKT 갤럭시 Z Flip6 : 육대급혜택편,2024-07-23,30.0,컴퓨터및정보통신,통신기기,휴대폰,에스케이텔레콤(주),(주)에스엠컬처앤콘텐츠 광고사업부문,(주)에스엠컬처앤콘텐츠 광고사업부문,30.03,https://aisac.kobaco.co.kr/site/main/advideo/video/uu/860712H01_1_24-TH-07-703
엑시옴 참피온 탁구대 : 50주년 기념편,2024-07-23,15.0,가정용품,"취미,레저용품","취미,레저용품제품종합",(주)엑시옴(XIOM),직접거래,(주)엑시옴(XIOM),15.02,https://aisac.kobaco.co.kr/site/main/advideo/video/uu/860725H01_1_24-TH-07-716
하나은행 외환 : 손흥민 하나뿐인 내편,2024-07-23,15.0,"금융,보험및증권",금융및보험,은행,주식회사하나은행,(주)에스엠컬처앤콘텐츠 광고사업부문,(주)에스엠컬처앤콘텐츠 광고사업부문,15.02,https://aisac.kobaco.co.kr/site/main/advideo/video/uu/860668H01_1_24-TH-07-663
종근당 : 성인 비타민 벤포벨S 카페편,2024-07-23,15.0,제약및의료,대사성의약,성인종합영양제,(주)종근당,(주)벨커뮤니케이션즈,(주)벨커뮤니케이션즈,15.02,https://aisac.kobaco.co.kr/site/main/advideo/video/uu/860717H01_1_24-TH-07-711
명인제약 : 이가탄 세대편 수정2,2024-07-23,15.0,제약및의료,"이비인후,치과및안과용제",구내염용제,명인제약(주),주식회사 명애드컴,(주)티키타카,15.02,https://aisac.kobaco.co.kr/site/main/advideo/video/uu/860718H01_1_24-TH-07-709
월트디즈니 : 데드풀과 울버린 절찬 상영중,2024-07-23,15.0,서비스,서비스기타,서비스기타,월트디즈니컴퍼니코리아유한책임회사,레오버넷(주),레오버넷,15.02,https://aisac.kobaco.co.kr/site/main/advideo/video/uu/860894H01_1_24-TX-07-071
명인제약 : 이가탄 엔딩 멘트 수정,2024-07-23,15.0,제약및의료,"이비인후,치과및안과용제","이비인후,치과및안과용제제품종합",명인제약,,,15.02,https://aisac.kobaco.co.kr/site/main/advideo/video/uu/860706H01_1_24-HC-07-081
오비맥주 : 카스 올림픽 시즌 메달존,2024-07-23,30.0,음료및기호식품,알콜음료,맥주,오비맥주주식회사,주식회사 온보드그룹,로켓샐러드,30.03,https://aisac.kobaco.co.kr/site/main/advideo/video/uu/861295H01_1_24-TX-08-004
더매직스타 : 전국 투어 콘서트 매직쇼,2024-07-23,15.0,서비스,문화및공연,공연,주식회사라엘바이오네추럴캐나다,주식회사 애플몬스터,라블랑쉬,15.02,https://aisac.kobaco.co.kr/site/main/advideo/video/uu/860692H01_1_24-TH-07-686
FM기획 : 전남 영광 가마미해수욕장 썸머페스티벌,2024-07-23,20.0,서비스,서비스기타,서비스기타,FM기획,(주)나라미디어,(주)나라미디어,20.02,https://aisac.kobaco.co.kr/site/main/advideo/video/uu/860667H01_1_24-TH-07-664
악사손해보험 : 전화번호 안내,2024-07-23,15.0,"금융,보험및증권",금융및보험,손해보험,악사손해보험(주),TBWA KOREA(주),TBWA KOREA(주),15.02,https://aisac.kobaco.co.kr/site/main/advideo/video/uu/860719H01_1_24-TH-07-712
에스케이텔레콤 SKT 갤럭시 Z Flip6 : 육대급혜택편,2024-07-23,30.0,컴퓨터및정보통신,통신기기,휴대폰,에스케이텔레콤(주),(주)제일기획,(주)에스엠컬처앤콘텐츠 광고사업부문,30.03,https://aisac.kobaco.co.kr/site/main/advideo/video/uu/860712H01_1_24-TH-07-703
에스케이텔레콤 SKT 갤럭시 Z Flip6 : 육대급혜택편,2024-07-23,30.0,컴퓨터및정보통신,통신기기,휴대폰,에스케이텔레콤(주),(주)제일기획,(주)에스엠컬처앤콘텐츠 광고사업부문,30.03,https://aisac.kobaco.co.kr/site/main/advideo/video/uu/860712H01_1_24-TH-07-703
에스케이텔레콤 SKT 갤럭시 Z Flip6 : 육대급혜택편,2024-07-23,30.0,컴퓨터및정보통신,통신기기,휴대폰,에스케이텔레콤(주),(주)제일기획,(주)에스엠컬처앤콘텐츠 광고사업부문,30.03,https://aisac.kobaco.co.kr/site/main/advideo/video/uu/860712H01_1_24-TH-07-703
에스케이텔레콤 SKT 갤럭시 Z Flip6 : 육대급혜택편,2024-07-23,30.0,컴퓨터및정보통신,통신기기,휴대폰,에스케이텔레콤(주),(주)제일기획,(주)에스엠컬처앤콘텐츠 광고사업부문,30.03,https://aisac.kobaco.co.kr/site/main/advideo/video/uu/860712H01_1_24-TH-07-703
에스케이텔레콤 SKT 갤럭시 Z Flip6 : 육대급혜택편,2024-07-23,30.0,컴퓨터및정보통신,통신기기,휴대폰,에스케이텔레콤(주),(주)제일기획,(주)에스엠컬처앤콘텐츠 광고사업부문,30.03,https://aisac.kobaco.co.kr/site/main/advideo/video/uu/860712H01_1_24-TH-07-703
에스케이텔레콤 SKT 갤럭시 Z Flip6 : 육대급혜택편,2024-07-23,30.0,컴퓨터및정보통신,통신기기,휴대폰,에스케이텔레콤(주),(주)제일기획,(주)에스엠컬처앤콘텐츠 광고사업부문,30.03,https://aisac.kobaco.co.kr/site/main/advideo/video/uu/860712H01_1_24-TH-07-703
인터브랜드 라이나 브랜딩 : 지하철 편,2024-07-23,15.0,"금융,보험및증권",금융및보험,금융및보험제품종합,인터브랜드(주),(주)나스미디어,브라보,15.02,https://aisac.kobaco.co.kr/site/main/advideo/video/uu/861538H01_1_24-TH-08-221
엑시옴 지킬앤하이드 C55.0 : 2 IN 1편,2024-07-23,15.0,가정용품,"취미,레저용품","취미,레저용품제품종합",(주)엑시옴(XIOM),직접거래,(주)엑시옴(XIOM),15.02,https://aisac.kobaco.co.kr/site/main/advideo/video/uu/860702H01_1_24-TH-07-699
헤일리온코리아 센트룸 구미 : 맛있게 챙기자편,2024-07-23,15.0,식품,건강식품,건강식품기타,헤일리온코리아주식회사,레오버넷(주),(주)휘닉스커뮤니케이션즈,15.02,https://aisac.kobaco.co.kr/site/main/advideo/video/uu/861192H01_1_24-TJ-07-069
인터브랜드 라이나 브랜딩 : 횡단보도 편,2024-07-23,15.0,"금융,보험및증권",금융및보험,금융및보험제품종합,인터브랜드(주),(주)나스미디어,브라보,15.02,https://aisac.kobaco.co.kr/site/main/advideo/video/uu/861538H01_1_24-TH-08-221
롯데컬처웍스 상영안내 : 파일럿편,2024-07-23,15.0,서비스,문화및공연,영화,롯데컬처웍스(주),(주)이노션,주식회사 이노션,15.02,https://aisac.kobaco.co.kr/site/main/advideo/video/uu/860690H01_1_24-TH-07-682
종근당 벤포벨S : 길편,2024-07-23,15.0,제약및의료,대사성의약,성인종합영양제,(주)종근당,(주)벨커뮤니케이션즈,(주)벨커뮤니케이션즈,15.02,https://aisac.kobaco.co.kr/site/main/advideo/video/uu/860716H01_1_24-TH-07-710
종근당 벤포벨S : 길편,2024-07-23,15.0,제약및의료,대사성의약,성인종합영양제,(주)종근당,(주)벨커뮤니케이션즈,(주)벨커뮤니케이션즈,,
종근당 벤포벨S : 길편,2024-07-23,15.0,제약및의료,대사성의약,성인종합영양제,(주)종근당,(주)벨커뮤니케이션즈,(주)벨커뮤니케이션즈,,
종근당 벤포벨S : 길편,2024-07-23,15.0,제약및의료,대사성의약,성인종합영양제,(주)종근당,(주)벨커뮤니케이션즈,(주)벨커뮤니케이션즈,,
종근당 벤포벨S : 길편,2024-07-23,15.0,제약및의료,대사성의약,성인종합영양제,(주)종근당,(주)벨커뮤니케이션즈,(주)벨커뮤니케이션즈,,
종근당 벤포벨S : 길편,2024-07-23,15.0,제약및의료,대사성의약,성인종합영양제,(주)종근당,(주)벨커뮤니케이션즈,(주)벨커뮤니케이션즈,,
에스케이텔레콤 : SKT 갤럭시 Z Flip6 30초,2024-07-23,30.0,컴퓨터및정보통신,통신기기,휴대폰,에스케이텔레콤(주),(주)에스엠컬처앤콘텐츠 광고사업부문,(주)에스엠컬처앤콘텐츠 광고사업부문,30.03,https://aisac.kobaco.co.kr/site/main/advideo/video/uu/860708H01_1_24-TH-07-704
에스케이텔레콤 : SKT 갤럭시 폴더블6 60초,2024-07-23,60.0,컴퓨터및정보통신,통신기기,휴대폰,에스케이텔레콤(주),(주)에스엠컬처앤콘텐츠 광고사업부문,(주)에스엠컬처앤콘텐츠 광고사업부문,60.06,https://aisac.kobaco.co.kr/site/main/advideo/video/uu/860713H01_1_24-TH-07-702
에스케이텔레콤 : SKT 갤럭시 폴더블6 60초,2024-07-23,60.0,컴퓨터및정보통신,통신기기,휴대폰,에스케이텔레콤(주),(주)에스엠컬처앤콘텐츠 광고사업부문,(주)에스엠컬처앤콘텐츠 광고사업부문,60.06,https://aisac.kobaco.co.kr/site/main/advideo/video/uu/860713H01_1_24-TH-07-702
농협은행 : NH농협카드 zgm,2024-07-23,15.0,"금융,보험및증권",금융및보험,신용카드,농협은행주식회사,(주)딥다이브컴퍼니,(주)딥다이브컴퍼니,15.02,https://aisac.kobaco.co.kr/site/main/advideo/video/uu/860679H01_1_24-TH-07-679
한국토요타자동차 : 렉서스 LM 런칭,2024-07-23,15.0,수송기기,수입자동차,수입자동차기타,한국토요타자동차(주),(주)덴츠엑스,덴츠맥거리보웬,15.02,https://aisac.kobaco.co.kr/site/main/advideo/video/uu/862603H01_1_24-TH-09-049
에스케이텔레콤 :  갤럭시 Z 폴더블6 육대급 혜택 60초,2024-07-23,60.0,컴퓨터및정보통신,통신기기,휴대폰,에스케이텔레콤(주),(주)제일기획,(주)에스엠컬처앤콘텐츠 광고사업부문,60.06,https://aisac.kobaco.co.kr/site/main/advideo/video/uu/860710H01_1_24-TH-07-705
초이락컨텐츠컴퍼니 헬로카봇 삼총사 : 해결하자 극장편,2024-07-22,20.0,가정용품,완구류,완구류제품종합,주식회사초이락컨텐츠컴퍼니,메가존(주),초이락컨텐츠컴퍼니,20.02,https://aisac.kobaco.co.kr/site/main/advideo/video/uu/860625H01_1_24-TH-07-635
청주팜(주)강서점 청주팜 : 드립니다 행사편,2024-07-22,20.0,유통,대형유통,농수축산물테마점,농헙회사법인청주팜(주)강서점,(주)믿음컴퍼니,(주)믿음컴퍼니,20.02,https://aisac.kobaco.co.kr/site/main/advideo/video/uu/860612H01_1_24-TH-07-617
Airbnb : 다른 방편,2024-07-22,30.0,서비스,음식및숙박,음식및숙박기타,Airbnb,그룹엠코리아 주식회사,TBWA KOREA(주),30.03,https://aisac.kobaco.co.kr/site/main/advideo/video/uu/860615H01_1_24-TH-07-624
삼성전자 갤럭시Z폴더블6 : 와우 바꿔보상편,2024-07-22,30.0,컴퓨터및정보통신,통신기기,휴대폰,삼성전자(주),(주)제일기획,제일기획,30.03,https://aisac.kobaco.co.kr/site/main/advideo/video/uu/861344H01_1_24-TH-08-081
삼성전자 갤럭시Z폴더블6 : 도전해볼께요 바꿔보상편,2024-07-22,30.0,컴퓨터및정보통신,통신기기,휴대폰,삼성전자(주),(주)제일기획,제일기획,30.03,https://aisac.kobaco.co.kr/site/main/advideo/video/uu/862711H01_1_24-TH-09-126
월트디즈니컴퍼니코리아 데드풀과 울버린 : 대개봉편,2024-07-22,15.0,서비스,서비스기타,서비스기타,월트디즈니컴퍼니코리아유한책임회사,레오버넷(주),레오버넷,15.02,https://aisac.kobaco.co.kr/site/main/advideo/video/uu/860657H01_1_24-TX-07-051
Airbnb : 평화로운 시간편,2024-07-22,30.0,서비스,음식및숙박,음식및숙박기타,Airbnb,그룹엠코리아 주식회사,TBWA KOREA(주),30.03,https://aisac.kobaco.co.kr/site/main/advideo/video/uu/860627H01_1_24-TH-07-623
아쿠아플라넷 광교 : 즐거움편,2024-07-22,30.0,서비스,스포츠및오락시설,공원및테마파크,아쿠아플라넷주식회사,(주)크로스오버커뮤니케이션,부귀영화,30.03,https://aisac.kobaco.co.kr/site/main/advideo/video/uu/860658H01_1_24-TH-07-658
미래엔 : 클래스가 다르다편,2024-07-22,15.0,출판,초등학생용교재,초등학생용학습지,(주)미래엔,(주)디블렌트,(주)디블렌트,30.03,https://aisac.kobaco.co.kr/site/main/advideo/video/uu/861175H01_1_24-TJ-07-041
미래엔 : 클래스가 다르다편,2024-07-22,15.0,출판,초등학생용교재,초등학생용학습지,(주)미래엔,(주)디블렌트,(주)디블렌트,30.03,https://aisac.kobaco.co.kr/site/main/advideo/video/uu/861175H01_1_24-TJ-07-041
미래엔 : 클래스가 다르다편,2024-07-22,15.0,출판,초등학생용교재,초등학생용학습지,(주)미래엔,(주)디블렌트,(주)디블렌트,30.03,https://aisac.kobaco.co.kr/site/main/advideo/video/uu/861175H01_1_24-TJ-07-041
미래엔 : 클래스가 다르다편,2024-07-22,15.0,출판,초등학생용교재,초등학생용학습지,(주)미래엔,(주)디블렌트,(주)디블렌트,30.03,https://aisac.kobaco.co.kr/site/main/advideo/video/uu/861175H01_1_24-TJ-07-041
엘지유플러스 LGU 갤럭시 Z 폴드6 : 통신비 하나로 다 되는 세상편,2024-07-22,15.0,컴퓨터및정보통신,통신정보서비스,통신정보서비스기타,(주)엘지유플러스,주식회사 에이치에스애드,오리콤,15.02,https://aisac.kobaco.co.kr/site/main/advideo/video/uu/860663H01_1_24-TH-07-662
엘지유플러스 LGU 갤럭시 Z 폴드6 : 통신비 하나로 다 되는 세상편,2024-07-22,15.0,컴퓨터및정보통신,통신정보서비스,통신정보서비스기타,(주)엘지유플러스,주식회사 에이치에스애드,오리콤,15.02,https://aisac.kobaco.co.kr/site/main/advideo/video/uu/860663H01_1_24-TH-07-662
엘지유플러스 LGU 갤럭시 Z 폴드6 : 통신비 하나로 다 되는 세상편,2024-07-22,15.0,컴퓨터및정보통신,통신정보서비스,통신정보서비스기타,(주)엘지유플러스,주식회사 에이치에스애드,오리콤,15.02,https://aisac.kobaco.co.kr/site/main/advideo/video/uu/860663H01_1_24-TH-07-662
미래엔 : 클래스가 다르다편,2024-07-22,30.0,출판,초등학생용교재,초등학생용학습지,(주)미래엔,(주)디블렌트,(주)디블렌트,30.03,https://aisac.kobaco.co.kr/site/main/advideo/video/uu/861175H01_1_24-TJ-07-041
미래엔 : 클래스가 다르다편,2024-07-22,30.0,출판,초등학생용교재,초등학생용학습지,(주)미래엔,(주)디블렌트,(주)디블렌트,30.03,https://aisac.kobaco.co.kr/site/main/advideo/video/uu/861175H01_1_24-TJ-07-041
미래엔 : 클래스가 다르다편,2024-07-22,30.0,출판,초등학생용교재,초등학생용학습지,(주)미래엔,(주)디블렌트,(주)디블렌트,30.03,https://aisac.kobaco.co.kr/site/main/advideo/video/uu/861175H01_1_24-TJ-07-041
미래엔 : 클래스가 다르다편,2024-07-22,30.0,출판,초등학생용교재,초등학생용학습지,(주)미래엔,(주)디블렌트,(주)디블렌트,30.03,https://aisac.kobaco.co.kr/site/main/advideo/video/uu/861175H01_1_24-TJ-07-041
"장성힐링파크 보성 비봉공룡공원 : 야외물놀이장, 글램핑장편",2024-07-22,20.0,서비스,스포츠및오락시설,스포츠및오락시설기타,농업회사법인장성힐링파크주식회사,(주)나라미디어,(주)나라미디어,20.02,https://aisac.kobaco.co.kr/site/main/advideo/video/uu/860621H01_1_24-TH-07-629
"어댑트 푸드올로지 : 택연, 이벤트편",2024-07-22,15.0,식품,건강식품,다이어트식품,주식회사어댑트(adaptInc.),(주)제일기획,(주)앨리스퀘어크리에이티브,15.02,https://aisac.kobaco.co.kr/site/main/advideo/video/uu/860640H01_1_24-TH-07-642
에어비앤비 : Bedtime편,2024-07-22,30.0,서비스,음식및숙박,음식및숙박기타,Airbnb,그룹엠코리아 주식회사,TBWA KOREA(주),30.03,https://aisac.kobaco.co.kr/site/main/advideo/video/uu/860617H01_1_24-TH-07-625
월트디즈니 데드풀과 울버린 : 7월 대개봉편,2024-07-22,15.0,서비스,서비스기타,서비스기타,월트디즈니컴퍼니코리아유한책임회사,레오버넷(주),레오버넷,15.02,https://aisac.kobaco.co.kr/site/main/advideo/video/uu/860657H01_1_24-TX-07-051
한국수력원자력 한수원 기업PR : 새로운 에너지 세상을 만들다편,2024-07-22,30.0,관공서및단체,관공서및단체기타,관공서및단체기업PR,한국수력원자력(주),한국언론진흥재단,대홍기획,30.03,https://aisac.kobaco.co.kr/site/main/advideo/video/uu/862906H01_1_24-TH-09-256
삼성전자 갤럭시 Z 폴더블6 : 바꿔보상편,2024-07-22,30.0,컴퓨터및정보통신,통신기기,휴대폰,삼성전자(주),(주)제일기획,제일기획,30.03,https://aisac.kobaco.co.kr/site/main/advideo/video/uu/862711H01_1_24-TH-09-126
호텔스컴바인드코리아 호텔스컴바인 : 여름편,2024-07-22,15.0,서비스,음식및숙박,음식및숙박기타,호텔스컴바인드코리아,(주)제일기획,제일기획,15.02,https://aisac.kobaco.co.kr/site/main/advideo/video/uu/860614H01_1_24-TH-07-637
호텔스컴바인드코리아 호텔스컴바인 : 여름편,2024-07-22,15.0,서비스,음식및숙박,음식및숙박기타,호텔스컴바인드코리아,(주)제일기획,제일기획,,
경기도교육청 경기공유학교 홍보 : 우리의 길은 하나가 아니야편,2024-07-22,15.0,관공서및단체,중앙및지방관공서,지방자치단체,경기도교육청,한국언론진흥재단,주식회사 메이크어스,15.02,https://aisac.kobaco.co.kr/site/main/advideo/video/uu/860660H01_1_24-TH-07-659
한국토요타자동차 렉서스 LM : 런칭편,2024-07-22,15.0,수송기기,수입자동차,수입자동차기타,한국토요타자동차(주),(주)덴츠크리에이티브코리아,덴츠맥거리보웬,15.02,https://aisac.kobaco.co.kr/site/main/advideo/video/uu/862603H01_1_24-TH-09-049
한국토요타자동차 렉서스 LM : 런칭편,2024-07-22,15.0,수송기기,수입자동차,수입자동차기타,한국토요타자동차(주),(주)덴츠크리에이티브코리아,덴츠맥거리보웬,15.02,https://aisac.kobaco.co.kr/site/main/advideo/video/uu/862603H01_1_24-TH-09-049
영광군 2024 가마미해수욕장 썸머페스티벌 : 행사안내편,2024-07-22,20.0,관공서및단체,관공서및단체기타,관공서및단체기업PR,영광군,(주)나라미디어,(주)나라미디어,20.02,https://aisac.kobaco.co.kr/site/main/advideo/video/uu/860618H01_1_24-TH-07-626
씨제이제일제당 백설 덮밥소스: 세계를 요리하는 남자편,2024-07-22,30.0,식품,대용식품,레토르트,씨제이제일제당(주),(주)에스엠컬처앤콘텐츠 광고사업부문,주식회사 다이나믹콩콩픽쳐스,30.03,https://aisac.kobaco.co.kr/site/main/advideo/video/uu/860622H01_1_24-TH-07-634
삼성전자 : Galaxy Brand 60초,2024-07-19,60.0,컴퓨터및정보통신,통신기기,휴대폰,삼성전자(주),(주)제일기획,제일기획,60.06,https://aisac.kobaco.co.kr/site/main/advideo/video/uu/860561H01_1_24-TH-07-579
이지예우리옷 : 한복 맞춤 대여,2024-07-19,20.0,패션,정장의류,정장의류기타,이지예우리옷,(주)나라미디어,(주)나라미디어,20.02,https://aisac.kobaco.co.kr/site/main/advideo/video/uu/860572H01_1_24-TH-07-599
하나은행 : 외환 2024 손흥민편 15초,2024-07-19,15.0,"금융,보험및증권",금융및보험,은행,주식회사하나은행,크리에이티브멋,(주)에스엠컬처앤콘텐츠 광고사업부문,15.02,https://aisac.kobaco.co.kr/site/main/advideo/video/uu/860577H01_1_24-TH-07-603
헨켈홈케어코리아 : 퍼실 디스크 세탁세제,2024-07-19,15.0,화장품및보건용품,세제류,세탁세제,헨켈홈케어코리아유한회사,TBWA KOREA(주),슈퍼마켓크리에이티브,15.02,https://aisac.kobaco.co.kr/site/main/advideo/video/uu/860565H01_1_24-TH-07-604
한국호야렌즈 : 호야 마이오스마트 근시진행억제 안경렌즈,2024-07-19,15.0,제약및의료,의료기기,의료기기기타,한국호야렌즈(주),그룹엠코리아 주식회사,DAMDA,15.02,https://aisac.kobaco.co.kr/site/main/advideo/video/uu/860554H01_1_24-TH-07-586
삼성전자 : 갤럭시 z 스마트폰 보상판매,2024-07-19,30.0,컴퓨터및정보통신,통신기기,휴대폰,삼성전자(주),(주)제일기획,제일기획,30.03,https://aisac.kobaco.co.kr/site/main/advideo/video/uu/860559H01_1_24-TH-07-578
마인드마크 : 영화 빅토리 개봉,2024-07-19,15.0,서비스,문화및공연,영화,주식회사마인드마크,(주)에스엠컬처앤콘텐츠 광고사업부문,(주)에스엠컬처앤콘텐츠 광고사업부문,15.02,https://aisac.kobaco.co.kr/site/main/advideo/video/uu/861457H01_1_24-TH-08-153
진주시청 :  2024 국가유산 미디어아트 진주성,2024-07-19,15.0,관공서및단체,관공서및단체기타,관공서및단체기업PR,진주시청,,,15.02,https://aisac.kobaco.co.kr/site/main/advideo/video/uu/860590H01_1_24-HC-07-076
전라남도청 : 2024-2026 전남세계관광문화대전,2024-07-19,20.0,관공서및단체,관공서및단체기타,관공서및단체기업PR,전라남도청,,,20.02,https://aisac.kobaco.co.kr/site/main/advideo/video/uu/860564H01_1_24-HC-07-072
넷플릭스 : 영화 크로스,2024-07-19,15.0,서비스,문화및공연,영화,넷플릭스서비시스코리아유한회사,(주)제일기획,제일기획,15.02,https://aisac.kobaco.co.kr/site/main/advideo/video/uu/860558H01_1_24-TH-07-582
서울항공여행사 :  무안 국제공항 출발 중국 황산 연태 여행,2024-07-19,40.0,서비스,여행,여행알선,(주)서울항공,(주)우일기획,(주)우일기획,40.04,https://aisac.kobaco.co.kr/site/main/advideo/video/uu/860594H01_1_24-TH-07-608
하나은행 : 외환 2024 손흥민편 36초,2024-07-19,36.0,"금융,보험및증권",금융및보험,은행,주식회사하나은행,크리에이티브멋,(주)에스엠컬처앤콘텐츠 광고사업부문,36.04,https://aisac.kobaco.co.kr/site/main/advideo/video/uu/860566H01_1_24-TH-07-602
보건복지부 : 저출산 공익광고 아이와 함께 감탄생활편,2024-07-19,30.0,관공서및단체,중앙및지방관공서,중앙관공서,보건복지부,(주)레인보우커뮤니케이션,더블유프로덕션,30.03,https://aisac.kobaco.co.kr/site/main/advideo/video/uu/860576H01_1_24-TH-07-596
보건복지부 저출생 극복 : 아이와 함께 감탄 생활 아빠편,2024-07-19,30.0,관공서및단체,중앙및지방관공서,중앙관공서,보건복지부,(주)연합뉴스티브이,,30.03,https://aisac.kobaco.co.kr/site/main/advideo/video/uu/860562H01_1_24-HC-07-074
삼성전자 Flexcam : 막 찍어도 인생사진편,2024-07-19,30.0,컴퓨터및정보통신,통신기기,휴대폰,삼성전자(주),(주)제일기획,제일기획,30.03,https://aisac.kobaco.co.kr/site/main/advideo/video/uu/860553H01_1_24-TH-07-577
링티 링티 : 도심편,2024-07-19,15.0,음료및기호식품,음료및기호식품기타,음료및기호식품기타,주식회사링티,(주)애드쿠아인터렉티브,(주)애드쿠아인터렉티브,15.02,https://aisac.kobaco.co.kr/site/main/advideo/video/uu/861737H01_1_24-TH-08-370
링티 링티 : 도심편,2024-07-19,15.0,음료및기호식품,음료및기호식품기타,음료및기호식품기타,주식회사링티,(주)애드쿠아인터렉티브,(주)애드쿠아인터렉티브,,
링티 링티 : 도심편,2024-07-19,15.0,음료및기호식품,음료및기호식품기타,음료및기호식품기타,주식회사링티,(주)애드쿠아인터렉티브,(주)애드쿠아인터렉티브,,
한국수력원자력 기업PR : 새로운 에너지 세상을 만들다편,2024-07-19,30.0,관공서및단체,관공서및단체기타,관공서및단체기업PR,한국수력원자력(주),(주)대홍기획,대홍기획,30.03,https://aisac.kobaco.co.kr/site/main/advideo/video/uu/862906H01_1_24-TH-09-256
삼성전자 GalaxyBrand : Life opens up with GalaxAI편,2024-07-19,30.0,컴퓨터및정보통신,통신기기,휴대폰,삼성전자(주),(주)제일기획,제일기획,30.03,https://aisac.kobaco.co.kr/site/main/advideo/video/uu/860560H01_1_24-TH-07-580
삼성전자 GalaxyBrand : Life opens up with GalaxAI편,2024-07-19,30.0,컴퓨터및정보통신,통신기기,휴대폰,삼성전자(주),(주)제일기획,제일기획,30.03,https://aisac.kobaco.co.kr/site/main/advideo/video/uu/860560H01_1_24-TH-07-580
삼성전자 GalaxyBrand : Life opens up with GalaxAI편,2024-07-19,30.0,컴퓨터및정보통신,통신기기,휴대폰,삼성전자(주),(주)제일기획,제일기획,30.03,https://aisac.kobaco.co.kr/site/main/advideo/video/uu/860560H01_1_24-TH-07-580
피지오클래스  운동컨텐츠 : 운동이 답이야편,2024-07-19,20.0,컴퓨터및정보통신,통신정보서비스,모바일콘텐츠서비스,피지오클래스,직거래,주식회사 피지오,20.02,https://aisac.kobaco.co.kr/site/main/advideo/video/uu/860607H01_1_24-TH-07-615
진주시청 진주문화유산야행 :  2024년편,2024-07-19,15.0,관공서및단체,중앙및지방관공서,지방자치단체,진주시청,(주)연합뉴스티브이,,15.02,https://aisac.kobaco.co.kr/site/main/advideo/video/uu/860591H01_1_24-HC-07-075
스퀴즈맥주 세츠 애플사이더 : 너만의 크리에이티비티로편,2024-07-19,15.0,음료및기호식품,알콜음료,알콜음료기타,(주)스퀴즈맥주,(주)스프링앤플라워,(주)스프링앤플라워,15.02,https://aisac.kobaco.co.kr/site/main/advideo/video/uu/860589H01_1_24-TX-07-046
한국폴리텍대학 수시 신입생 모집 : 전북캠퍼스편,2024-07-19,20.0,교육및복지후생,교육기관,대학대학원,한국폴리텍대학전북캠퍼스,(주)씨엔에이플러스,(주)씨엔에이플러스,20.02,https://aisac.kobaco.co.kr/site/main/advideo/video/uu/860608H01_1_24-TH-07-616
원앤원 원할머니보쌈 : 보쌈의 정수편,2024-07-19,15.0,식품,축산품,생축산품,원앤원(주),(주)유니기획,크리에이티브멋,15.02,https://aisac.kobaco.co.kr/site/main/advideo/video/uu/860596H01_1_24-TH-07-610
SK엔무브 기업PR : 윤활유편,2024-07-19,30.0,그룹및기업광고,기타광고,기타기업PR,에스케이엔무브주식회사,(주)제일기획,제일기획,30.03,https://aisac.kobaco.co.kr/site/main/advideo/video/uu/860555H01_1_24-TH-07-585
마인드마크 개봉 안내 : 빅토리편,2024-07-19,30.0,서비스,문화및공연,영화,주식회사마인드마크,(주)에스엠컬처앤콘텐츠 광고사업부문,(주)에스엠컬처앤콘텐츠 광고사업부문,30.03,https://aisac.kobaco.co.kr/site/main/advideo/video/uu/860573H01_1_24-TH-07-600
명륜당 명륜진사갈비 : 맥주까지 놀라운편,2024-07-19,15.0,서비스,음식및숙박,대중음식점,주식회사명륜당,(주)오리콤,오리콤,15.02,https://aisac.kobaco.co.kr/site/main/advideo/video/uu/860579H01_1_24-TX-07-044
보건복지부 저출생 극복 : 아이와 함께 감탄 생활 엄마편,2024-07-19,30.0,관공서및단체,중앙및지방관공서,중앙관공서,보건복지부,(주)레인보우커뮤니케이션,더블유프로덕션,30.03,https://aisac.kobaco.co.kr/site/main/advideo/video/uu/860578H01_1_24-TH-07-597
보건복지부 저출생 극복 : 아이와 함께 감탄 생활 엄마편,2024-07-19,30.0,관공서및단체,중앙및지방관공서,중앙관공서,보건복지부,(주)레인보우커뮤니케이션,더블유프로덕션,30.03,https://aisac.kobaco.co.kr/site/main/advideo/video/uu/860578H01_1_24-TH-07-597
보건복지부 저출생 극복 : 아이와 함께 감탄 생활 엄마편,2024-07-19,30.0,관공서및단체,중앙및지방관공서,중앙관공서,보건복지부,(주)연합뉴스티브이,,30.03,https://aisac.kobaco.co.kr/site/main/advideo/video/uu/860578H01_1_24-TH-07-597
보건복지부 저출생 극복 : 아이와 함께 감탄 생활 엄마편,2024-07-19,30.0,관공서및단체,중앙및지방관공서,중앙관공서,보건복지부,(주)연합뉴스티브이,,30.03,https://aisac.kobaco.co.kr/site/main/advideo/video/uu/860578H01_1_24-TH-07-597
전주세계소리축제조직위 전주세계소리축제 : 24년편,2024-07-19,20.0,서비스,문화및공연,지역 및 문화축제,(사)전주세계소리축제조직위,(주)필애드,아쿠아픽쳐스,20.02,https://aisac.kobaco.co.kr/site/main/advideo/video/uu/861421H01_1_24-TH-08-128
스퀴즈맥주 세츠 애플사이더 : 모르겠어요편,2024-07-19,15.0,음료및기호식품,알콜음료,알콜음료기타,(주)스퀴즈맥주,(주)스프링앤플라워,(주)스프링앤플라워,15.02,https://aisac.kobaco.co.kr/site/main/advideo/video/uu/860588H01_1_24-TX-07-045
삼성전자 갤럭시Z폴더블6 : 도전해볼께요 바꿔보상 수정편,2024-07-19,30.0,컴퓨터및정보통신,통신기기,휴대폰,삼성전자(주),(주)제일기획,제일기획,30.03,https://aisac.kobaco.co.kr/site/main/advideo/video/uu/860552H01_1_24-TH-07-576
아쿠아플라넷 광교 : 즐거움 수정편,2024-07-19,30.0,서비스,스포츠및오락시설,공원및테마파크,아쿠아플라넷주식회사,(주)크로스오버커뮤니케이션,부귀영화,30.03,https://aisac.kobaco.co.kr/site/main/advideo/video/uu/860571H01_1_24-TH-07-598
한국복숭아생산자협의회 복숭아 소비촉진 : 피치해편,2024-07-19,20.0,식품,농산품,과실류원산,(사)한국복숭아생산자협의회,(주)붐커뮤니케이션,(주)붐커뮤니케이션,20.02,https://aisac.kobaco.co.kr/site/main/advideo/video/uu/860597H01_1_24-TH-07-609
에스케이엔무브 SK엔무브 : 액침냉각편,2024-07-19,30.0,그룹및기업광고,기타광고,기타기업PR,에스케이엔무브주식회사,(주)제일기획,제일기획,30.03,https://aisac.kobaco.co.kr/site/main/advideo/video/uu/860556H01_1_24-TH-07-584
바이오라이프 닥터스킨 정수필터샤워기 : 필수템편,2024-07-19,15.0,가정용품,생활잡화및기기,생활잡화및기기기타,바이오라이프,이티비미디어,이티비몰,15.02,https://aisac.kobaco.co.kr/site/main/advideo/video/uu/860592H01_1_24-TH-07-607
아이비젼 엑스샷 인새니티 : 따로 또 같이편,2024-07-18,15.0,유통,"소형,소매유통","소형,소매유통기타",아이비젼,직거래,(주)재능방송,15.02,https://aisac.kobaco.co.kr/site/main/advideo/video/uu/860536H01_1_24-TH-07-564
홈플러스 2024 썸머 홈플런 : 뛰어야 산다편,2024-07-18,15.0,유통,대형유통,대형유통제품종합,홈플러스(주),주식회사 에이치에스애드,(주)에이치에스애드,15.02,https://aisac.kobaco.co.kr/site/main/advideo/video/uu/860539H01_1_24-TH-07-567
롯데리아 리아불고기 : 만나는 순간편,2024-07-18,15.0,식품,제빵,"햄버거,피자및샌드위치",롯데지알에스주식회사,(주)대홍기획,대홍기획,15.02,https://aisac.kobaco.co.kr/site/main/advideo/video/uu/860526H01_1_24-TX-07-043
롯데리아 리아불고기 : 다들 어때편,2024-07-18,15.0,식품,제빵,"햄버거,피자및샌드위치",롯데지알에스주식회사,(주)대홍기획,대홍기획,,
서울항공 : 중국 황산 연태 여행편,2024-07-18,40.0,서비스,여행,여행알선,(주)서울항공,(주)우일기획,(주)우일기획,40.04,https://aisac.kobaco.co.kr/site/main/advideo/video/uu/860522H01_1_24-TH-07-551
삼성전자 AI 라이프 : 소상공인편,2024-07-18,30.0,가정용전기전자,가정용전기전자기타,가정용전기전자제품종합,삼성전자(주),(주)제일기획,키노플로우,30.03,https://aisac.kobaco.co.kr/site/main/advideo/video/uu/860519H01_1_24-TH-07-555
원앤원 원할머니보쌈 : 이찬원편,2024-07-18,15.0,식품,축산품,생축산품,원앤원(주),(주)유니기획,크리에이티브멋,15.02,https://aisac.kobaco.co.kr/site/main/advideo/video/uu/860516H01_1_24-TH-07-560
삼성전자 AI 라이프 : 신혼부부편,2024-07-18,30.0,가정용전기전자,가정용전기전자기타,가정용전기전자제품종합,삼성전자(주),(주)제일기획,키노플로우,30.03,https://aisac.kobaco.co.kr/site/main/advideo/video/uu/860517H01_1_24-TH-07-559
전주세계소리축제조직위원회 22회전주세계소리축제 : 행사 안내편,2024-07-18,20.0,관공서및단체,관공서및단체기타,관공서및단체기업PR,전주세계소리축제조직위원회,,,20.02,https://aisac.kobaco.co.kr/site/main/advideo/video/uu/860514H01_1_24-HC-07-071
전주세계소리축제조직위원회 22회전주세계소리축제 : 행사 안내편,2024-07-18,20.0,관공서및단체,관공서및단체기타,관공서및단체기업PR,전주세계소리축제조직위원회,,,,
에스케이텔레콤 바로 요금제 : 가족 모두 로밍 해결편,2024-07-18,30.0,컴퓨터및정보통신,통신망,이동통신,에스케이텔레콤(주),(주)에스엠컬처앤콘텐츠 광고사업부문,(주)메이트인디펜던스,30.03,https://aisac.kobaco.co.kr/site/main/advideo/video/uu/860879H01_1_24-TH-07-820
미래신용정보 : 포탈 게이트편,2024-07-18,15.0,"금융,보험및증권",금융및보험,금융및보험기타,미래신용정보(주),(주)쉐어스팟,쉐어스팟,15.02,https://aisac.kobaco.co.kr/site/main/advideo/video/uu/860520H01_1_24-TH-07-554
태안군 제1회 신진도 오징어 수산물 축제 : 행사안내편,2024-07-18,20.0,관공서및단체,관공서및단체기타,관공서및단체기타,(주)탁,(주)케이아이씨애드,케이아이씨애드,20.02,https://aisac.kobaco.co.kr/site/main/advideo/video/uu/860515H01_1_24-TH-07-561
아이비젼 미니월드 : 푸드타임편,2024-07-18,15.0,유통,"소형,소매유통","소형,소매유통기타",아이비젼,직거래,(주)재능방송,15.02,https://aisac.kobaco.co.kr/site/main/advideo/video/uu/860535H01_1_24-TH-07-563
넷플릭스 크로스 : 8월 공개편,2024-07-18,15.0,서비스,문화및공연,영화,넷플릭스서비시스코리아유한회사,(주)제일기획,제일기획,15.02,https://aisac.kobaco.co.kr/site/main/advideo/video/uu/860540H01_1_24-TH-07-568
넥스트엔터테인먼트월드 행복의나라 : 티저편,2024-07-18,15.0,서비스,문화및공연,영화,(주)넥스트엔터테인먼트월드,(주)이노션,주식회사 이노션,15.02,https://aisac.kobaco.co.kr/site/main/advideo/video/uu/860523H01_1_24-TH-07-550
엘지유플러스 LGU 갤럭시 Z 폴드6 : 통신비 하나로 다 되는 세상편,2024-07-18,15.0,컴퓨터및정보통신,통신정보서비스,통신정보서비스기타,(주)엘지유플러스,주식회사 에이치에스애드,오리콤,15.02,https://aisac.kobaco.co.kr/site/main/advideo/video/uu/860663H01_1_24-TH-07-662
엘지유플러스 LGU 갤럭시 Z 폴드6 : 통신비 하나로 다 되는 세상편,2024-07-18,15.0,컴퓨터및정보통신,통신정보서비스,통신정보서비스기타,(주)엘지유플러스,주식회사 에이치에스애드,오리콤,15.02,https://aisac.kobaco.co.kr/site/main/advideo/video/uu/860663H01_1_24-TH-07-662
엘지유플러스 LGU 갤럭시 Z 폴드6 : 통신비 하나로 다 되는 세상편,2024-07-18,15.0,컴퓨터및정보통신,통신정보서비스,통신정보서비스기타,(주)엘지유플러스,주식회사 에이치에스애드,오리콤,15.02,https://aisac.kobaco.co.kr/site/main/advideo/video/uu/860663H01_1_24-TH-07-662
아이비젼 미니월드 : 디저트타임편,2024-07-18,15.0,유통,"소형,소매유통","소형,소매유통기타",아이비젼,직거래,(주)재능방송,15.02,https://aisac.kobaco.co.kr/site/main/advideo/video/uu/860537H01_1_24-TH-07-562
금호석유화학 Hugreen : 창 그 너머의 창편,2024-07-17,15.0,"건설,건재및부동산",건재,창호,금호석유화학(주),(주)오리콤,프로덕션썸,15.02,https://aisac.kobaco.co.kr/site/main/advideo/video/uu/860466H01_1_24-TH-07-517
롯데지알에스 : 롯데리아 대표버거 리아불고기 15초B,2024-07-17,15.0,식품,제빵,"햄버거,피자및샌드위치",롯데지알에스주식회사,(주)대홍기획,대홍기획,15.02,https://aisac.kobaco.co.kr/site/main/advideo/video/uu/860470H01_1_24-TX-07-037
롯데지알에스 : 롯데리아 대표버거 리아불고기 15초A,2024-07-17,15.0,식품,제빵,"햄버거,피자및샌드위치",롯데지알에스주식회사,(주)대홍기획,대홍기획,15.02,https://aisac.kobaco.co.kr/site/main/advideo/video/uu/860474H01_1_24-TX-07-034
롯데지알에스 : 롯데리아 불고기버거,2024-07-17,15.0,식품,제빵,"햄버거,피자및샌드위치",롯데지알에스주식회사,(주)대홍기획,대홍기획,15.02,https://aisac.kobaco.co.kr/site/main/advideo/video/uu/860493H01_1_24-TX-07-040
전라남도청 : 국립 의과대학 신설 추진,2024-07-17,40.0,관공서및단체,관공서및단체기타,관공서및단체기업PR,전라남도청,,,40.04,https://aisac.kobaco.co.kr/site/main/advideo/video/uu/860462H01_1_24-HC-07-068
엔와이푸드 : 뉴욕버거 본편,2024-07-17,15.0,식품,제빵,"햄버거,피자및샌드위치",주식회사엔와이푸드,메가존(주),(주)원더랩,15.02,https://aisac.kobaco.co.kr/site/main/advideo/video/uu/860455H01_1_24-TH-07-509
"삼성전자 Galaxy CtS : 이제는, 누구나 천재모드 ON편",2024-07-17,15.0,컴퓨터및정보통신,통신기기,휴대폰,삼성전자(주),(주)제일기획,제일기획,15.02,https://aisac.kobaco.co.kr/site/main/advideo/video/uu/860460H01_1_24-TH-07-513
롯데지알에스 롯데리아 리아불고기 : GO RIA편,2024-07-17,15.0,식품,제빵,"햄버거,피자및샌드위치",롯데지알에스주식회사,(주)대홍기획,대홍기획,15.02,https://aisac.kobaco.co.kr/site/main/advideo/video/uu/860473H01_1_24-TX-07-035
롯데지알에스 롯데리아 리아불고기 : GO RIA편,2024-07-17,15.0,식품,제빵,"햄버거,피자및샌드위치",롯데지알에스주식회사,(주)대홍기획,대홍기획,15.02,https://aisac.kobaco.co.kr/site/main/advideo/video/uu/860473H01_1_24-TX-07-035
아이더스에프앤비 푸라닥치킨 : 띱띱크런치편,2024-07-17,15.0,식품,식품기타,식품기타,(주)아이더스에프앤비,(주)제일기획,러브앤드머니,15.02,https://aisac.kobaco.co.kr/site/main/advideo/video/uu/860464H01_1_24-TH-07-514
경기도청 기후행동 기회소득 : 기후에 진심편,2024-07-17,30.0,관공서및단체,중앙및지방관공서,지방자치단체,경기도청,(주)디렉터마켓,디렉터마켓,30.03,https://aisac.kobaco.co.kr/site/main/advideo/video/uu/860465H01_1_24-TH-07-516
롯데지알에스 롯데리아 리아불고기 : GO RIA편,2024-07-17,15.0,식품,제빵,"햄버거,피자및샌드위치",롯데지알에스주식회사,(주)대홍기획,대홍기획,15.02,https://aisac.kobaco.co.kr/site/main/advideo/video/uu/860473H01_1_24-TX-07-035
롯데지알에스 롯데리아 리아불고기 : GO RIA편,2024-07-17,15.0,식품,제빵,"햄버거,피자및샌드위치",롯데지알에스주식회사,(주)대홍기획,대홍기획,15.02,https://aisac.kobaco.co.kr/site/main/advideo/video/uu/860473H01_1_24-TX-07-035
삼성전자 Galaxy Flexcam : 인생 사진 카메라편,2024-07-17,15.0,컴퓨터및정보통신,통신기기,휴대폰,삼성전자(주),(주)제일기획,제일기획,15.02,https://aisac.kobaco.co.kr/site/main/advideo/video/uu/862707H01_1_24-TH-09-129
삼성전자 Galaxy Flexcam : 인생 사진 카메라편,2024-07-17,15.0,컴퓨터및정보통신,통신기기,휴대폰,삼성전자(주),(주)제일기획,제일기획,15.02,https://aisac.kobaco.co.kr/site/main/advideo/video/uu/862707H01_1_24-TH-09-129
잇츠그릭 IT'S GREEK : 건강한 하루의 시작편,2024-07-17,20.0,식품,유제품,유제품기타,잇츠그릭,(주)우일기획,크리에이티브 몬스터,,
프리드라이프 소비자 만족도 1위 : 장례도 1위답게편,2024-07-17,15.0,서비스,개인서비스,경조서비스,(주)프리드라이프,미디어브랜즈코리아 주식회사,(주)에스엠컬처앤콘텐츠 광고사업부문,15.02,https://aisac.kobaco.co.kr/site/main/advideo/video/uu/860452H01_1_24-TH-07-506
프리드라이프 소비자 만족도 1위 : 장례도 1위답게편,2024-07-17,15.0,서비스,개인서비스,경조서비스,(주)프리드라이프,미디어브랜즈코리아 주식회사,(주)에스엠컬처앤콘텐츠 광고사업부문,15.02,https://aisac.kobaco.co.kr/site/main/advideo/video/uu/860452H01_1_24-TH-07-506
프리드라이프 소비자 만족도 1위 : 장례도 1위답게편,2024-07-17,15.0,서비스,개인서비스,경조서비스,(주)프리드라이프,미디어브랜즈코리아 주식회사,(주)에스엠컬처앤콘텐츠 광고사업부문,15.02,https://aisac.kobaco.co.kr/site/main/advideo/video/uu/860452H01_1_24-TH-07-506
던롭스포츠코리아 스릭슨 : 이제 너의 공이다편,2024-07-17,15.0,가정용품,"취미,레저용품",골프용품,던롭스포츠코리아주식회사,주식회사 에이치에스애드,브라보,15.02,https://aisac.kobaco.co.kr/site/main/advideo/video/uu/860491H01_1_24-TH-07-528
어댑트 푸드올로지 : 파란통 이벤트편,2024-07-17,15.0,식품,건강식품,다이어트식품,주식회사어댑트(adaptInc.),(주)제일기획,(주)앨리스퀘어크리에이티브,15.02,https://aisac.kobaco.co.kr/site/main/advideo/video/uu/860489H01_1_24-TH-07-527
지바이크 GCOO : 일상의 지도를 다시 그리다편,2024-07-17,15.0,서비스,스포츠및오락시설,스포츠및오락시설기타,주식회사지바이크,주식회사 쿤스트코어,쿤스트코어,15.02,https://aisac.kobaco.co.kr/site/main/advideo/video/uu/863070H01_1_24-TH-09-356
유토개발2차 분양 안내 : 힐스테이트 도안리버파크편,2024-07-17,30.0,"건설,건재및부동산","건설,건재및부동산기타","건설,건재및부동산기타",주식회사유토개발2차,(주)클리프커뮤니케이션,스밈사운드,30.03,https://aisac.kobaco.co.kr/site/main/advideo/video/uu/860486H01_1_24-TH-07-526
유토개발2차 분양 안내 : 힐스테이트 도안리버파크편,2024-07-17,30.0,"건설,건재및부동산","건설,건재및부동산기타","건설,건재및부동산기타",주식회사유토개발2차,(주)클리프커뮤니케이션,스밈사운드,30.03,https://aisac.kobaco.co.kr/site/main/advideo/video/uu/860486H01_1_24-TH-07-526
삼성전자 Galaxy Flexcam : 인생 사진 카메라편,2024-07-17,30.0,컴퓨터및정보통신,통신기기,휴대폰,삼성전자(주),(주)제일기획,제일기획,15.02,https://aisac.kobaco.co.kr/site/main/advideo/video/uu/862707H01_1_24-TH-09-129
삼성전자 Galaxy Flexcam : 인생 사진 카메라편,2024-07-17,30.0,컴퓨터및정보통신,통신기기,휴대폰,삼성전자(주),(주)제일기획,제일기획,15.02,https://aisac.kobaco.co.kr/site/main/advideo/video/uu/862707H01_1_24-TH-09-129
프리드라이프 소비자 만족도 1위 : 장례도 1위답게편,2024-07-17,30.0,서비스,개인서비스,경조서비스,(주)프리드라이프,미디어브랜즈코리아 주식회사,(주)에스엠컬처앤콘텐츠 광고사업부문,15.02,https://aisac.kobaco.co.kr/site/main/advideo/video/uu/860452H01_1_24-TH-07-506
프리드라이프 소비자 만족도 1위 : 장례도 1위답게편,2024-07-17,30.0,서비스,개인서비스,경조서비스,(주)프리드라이프,미디어브랜즈코리아 주식회사,(주)에스엠컬처앤콘텐츠 광고사업부문,15.02,https://aisac.kobaco.co.kr/site/main/advideo/video/uu/860452H01_1_24-TH-07-506
프리드라이프 소비자 만족도 1위 : 장례도 1위답게편,2024-07-17,30.0,서비스,개인서비스,경조서비스,(주)프리드라이프,미디어브랜즈코리아 주식회사,(주)에스엠컬처앤콘텐츠 광고사업부문,15.02,https://aisac.kobaco.co.kr/site/main/advideo/video/uu/860452H01_1_24-TH-07-506
프리드라이프 : 쉴낙원편,2024-07-17,15.0,서비스,개인서비스,경조서비스,(주)프리드라이프,미디어브랜즈코리아 주식회사,(주)에스엠컬처앤콘텐츠 광고사업부문,15.02,https://aisac.kobaco.co.kr/site/main/advideo/video/uu/860454H01_1_24-TH-07-507
월트디즈니컴퍼니코리아 데드풀과 울버린 : 컴온편,2024-07-17,15.0,서비스,서비스기타,서비스기타,월트디즈니컴퍼니코리아유한책임회사,레오버넷(주),레오버넷,15.02,https://aisac.kobaco.co.kr/site/main/advideo/video/uu/860457H01_1_24-TX-07-033
지바이크 GCOO : 이동의 사작 여자편,2024-07-17,15.0,서비스,스포츠및오락시설,스포츠및오락시설기타,주식회사지바이크,주식회사 쿤스트코어,쿤스트코어,15.02,https://aisac.kobaco.co.kr/site/main/advideo/video/uu/860495H01_1_24-TH-07-546
메르세데스벤츠코리아 벤츠 S-Class : 될 뿐이다편,2024-07-17,30.0,수송기기,수입자동차,수입승용차,메르세데스벤츠코리아주식회사,주식회사 에이치에스애드,버튼크리에이티브,30.03,https://aisac.kobaco.co.kr/site/main/advideo/video/uu/860456H01_1_24-TH-07-508
지바이크 GCOO : 이동의 사작 남자편,2024-07-17,15.0,서비스,스포츠및오락시설,스포츠및오락시설기타,주식회사지바이크,주식회사 쿤스트코어,쿤스트코어,15.02,https://aisac.kobaco.co.kr/site/main/advideo/video/uu/860497H01_1_24-TH-07-545
던롭스포츠코리아 스릭슨 볼 : 스핀편,2024-07-17,15.0,가정용품,"취미,레저용품",골프용품,던롭스포츠코리아주식회사,주식회사 에이치에스애드,브라보,15.02,https://aisac.kobaco.co.kr/site/main/advideo/video/uu/860490H01_1_24-TH-07-529
던롭스포츠코리아 스릭슨 볼 : 스핀편,2024-07-17,15.0,가정용품,"취미,레저용품",골프용품,던롭스포츠코리아주식회사,주식회사 에이치에스애드,브라보,,
롯데지알에스 롯데리아 리아불고기 : 어때 A재수정편,2024-07-17,15.0,식품,제빵,"햄버거,피자및샌드위치",롯데지알에스주식회사,(주)대홍기획,대홍기획,15.02,https://aisac.kobaco.co.kr/site/main/advideo/video/uu/860492H01_1_24-TX-07-041
경기도청 기후행동 기회소득 캠페인 : 돈 벌자편,2024-07-17,30.0,관공서및단체,중앙및지방관공서,지방자치단체,경기도청,(주)디렉터마켓,디렉터마켓,30.03,https://aisac.kobaco.co.kr/site/main/advideo/video/uu/860467H01_1_24-TH-07-515
삼성전자 갤럭시워치7 : 울트라 한계편,2024-07-17,30.0,가정용전기전자,가정용전기전자기타,가정용전기전자기타,삼성전자(주),(주)제일기획,키노플로우,30.03,https://aisac.kobaco.co.kr/site/main/advideo/video/uu/860468H01_1_24-TH-07-518
롯데지알에스 롯데리아 리아불고기 : 어때 A수정편,2024-07-17,15.0,식품,제빵,"햄버거,피자및샌드위치",롯데지알에스주식회사,(주)대홍기획,대홍기획,15.02,https://aisac.kobaco.co.kr/site/main/advideo/video/uu/860472H01_1_24-TX-07-036
삼성전자 갤럭시Z폴더블6 : 유럽 방울새편,2024-07-17,30.0,컴퓨터및정보통신,통신기기,휴대폰,삼성전자(주),(주)제일기획,제일기획,30.03,https://aisac.kobaco.co.kr/site/main/advideo/video/uu/860461H01_1_24-TH-07-512
롯데지알에스 롯데리아 리아불고기 : 어때 A편,2024-07-17,15.0,식품,제빵,"햄버거,피자및샌드위치",롯데지알에스주식회사,(주)대홍기획,대홍기획,15.02,https://aisac.kobaco.co.kr/site/main/advideo/video/uu/860483H01_1_24-TX-07-039
유토개발2차 힐스테이트 도안리버파크 : 그랜드오픈편,2024-07-17,15.0,"건설,건재및부동산","건설,건재및부동산기타","건설,건재및부동산기타",주식회사유토개발2차,(주)클리프커뮤니케이션,스밈사운드,15.02,https://aisac.kobaco.co.kr/site/main/advideo/video/uu/860487H01_1_24-TH-07-525
명인제약 이가탄 : 다릅니다 김지호 엔딩편,2024-07-16,15.0,제약및의료,"이비인후,치과및안과용제","이비인후,치과및안과용제기타",명인제약(주),,,15.02,https://aisac.kobaco.co.kr/site/main/advideo/video/uu/860426H01_1_24-HC-07-067
명인제약 이가탄 : 다릅니다 전광렬 엔딩편,2024-07-16,15.0,제약및의료,"이비인후,치과및안과용제","이비인후,치과및안과용제기타",명인제약(주),,,15.02,https://aisac.kobaco.co.kr/site/main/advideo/video/uu/860426H01_1_24-HC-07-067
삼성전자 갤럭시Z폴더블6 : 와우편,2024-07-16,30.0,컴퓨터및정보통신,통신기기,휴대폰,삼성전자(주),(주)제일기획,제일기획,15.02,https://aisac.kobaco.co.kr/site/main/advideo/video/uu/860824H01_1_24-TH-07-792
삼성전자 갤럭시Z폴더블6 : 와우편,2024-07-16,30.0,컴퓨터및정보통신,통신기기,휴대폰,삼성전자(주),(주)제일기획,제일기획,15.02,https://aisac.kobaco.co.kr/site/main/advideo/video/uu/860824H01_1_24-TH-07-792
삼성전자 갤럭시Z폴더블6 : 와우편,2024-07-16,30.0,컴퓨터및정보통신,통신기기,휴대폰,삼성전자(주),(주)제일기획,제일기획,15.02,https://aisac.kobaco.co.kr/site/main/advideo/video/uu/860824H01_1_24-TH-07-792
삼성전자 갤럭시Z폴더블6 : 도전해볼께요편,2024-07-16,15.0,컴퓨터및정보통신,통신기기,휴대폰,삼성전자(주),(주)제일기획,제일기획,15.02,https://aisac.kobaco.co.kr/site/main/advideo/video/uu/860826H01_1_24-TH-07-794
삼성전자 갤럭시Z폴더블6 : 도전해볼께요편,2024-07-16,15.0,컴퓨터및정보통신,통신기기,휴대폰,삼성전자(주),(주)제일기획,제일기획,15.02,https://aisac.kobaco.co.kr/site/main/advideo/video/uu/860826H01_1_24-TH-07-794
케이티 KT 가족결합 : 붙어주세요편,2024-07-16,30.0,컴퓨터및정보통신,통신망,이동통신,(주)케이티,(주)제일기획,제일기획,30.03,https://aisac.kobaco.co.kr/site/main/advideo/video/uu/860402H01_1_24-TH-07-468
케이티 KT 가족결합 : 붙어주세요편,2024-07-16,30.0,컴퓨터및정보통신,통신망,이동통신,(주)케이티,(주)제일기획,제일기획,30.03,https://aisac.kobaco.co.kr/site/main/advideo/video/uu/860402H01_1_24-TH-07-468
재규어랜드로버코리아 레인지로버 : 존재편,2024-07-16,15.0,수송기기,승용자동차,지프,주식회사재규어랜드로버코리아,옴니콤미디어그룹코리아(주),(주)씨와이크리에이티브그룹,15.02,https://aisac.kobaco.co.kr/site/main/advideo/video/uu/860428H01_1_24-TH-07-481
엔와이푸드 뉴욕버거 : 패티지편,2024-07-16,30.0,식품,제빵,"햄버거,피자및샌드위치",주식회사엔와이푸드,메가존(주),(주)원더랩,30.03,https://aisac.kobaco.co.kr/site/main/advideo/video/uu/860432H01_1_24-TH-07-485
어댑트 푸드올로지 : 결정하세요편,2024-07-16,15.0,식품,건강식품,다이어트식품,주식회사어댑트(adaptInc.),(주)제일기획,(주)앨리스퀘어크리에이티브,15.02,https://aisac.kobaco.co.kr/site/main/advideo/video/uu/863606H01_1_24-TH-09-739
어댑트 푸드올로지 : 결정하세요편,2024-07-16,15.0,식품,건강식품,다이어트식품,주식회사어댑트(adaptInc.),(주)제일기획,(주)앨리스퀘어크리에이티브,,
전라남도청 교통안전캠페인 : 차만손편,2024-07-16,20.0,관공서및단체,중앙및지방관공서,지방자치단체,전라남도청,,,20.02,https://aisac.kobaco.co.kr/site/main/advideo/video/uu/860398H01_1_24-HC-07-063
농협손해보험 NH가성비굿건강보험 : 너 있다편,2024-07-16,15.0,"금융,보험및증권",금융및보험,손해보험,농협손해보험주식회사,(주)딥다이브컴퍼니,(주)딥다이브컴퍼니,15.02,https://aisac.kobaco.co.kr/site/main/advideo/video/uu/860404H01_1_24-TH-07-471
한국코카콜라 파워에이드 : 포즈 황선우편,2024-07-16,15.0,음료및기호식품,비알콜음료,스포츠음료,한국코카콜라유한회사,(주)캐러트코리아,오길비코리아,15.02,https://aisac.kobaco.co.kr/site/main/advideo/video/uu/860411H01_1_24-TH-07-479
케이티 KT 가족결합 : 붙어주세요편,2024-07-16,15.0,컴퓨터및정보통신,통신망,이동통신,(주)케이티,(주)제일기획,제일기획,30.03,https://aisac.kobaco.co.kr/site/main/advideo/video/uu/860402H01_1_24-TH-07-468
케이티 KT 가족결합 : 붙어주세요편,2024-07-16,15.0,컴퓨터및정보통신,통신망,이동통신,(주)케이티,(주)제일기획,제일기획,30.03,https://aisac.kobaco.co.kr/site/main/advideo/video/uu/860402H01_1_24-TH-07-468
농협손해보험 NH농협손해보험 : 좋은 말 수정편,2024-07-16,30.0,"금융,보험및증권",금융및보험,손해보험,농협손해보험주식회사,(주)딥다이브컴퍼니,(주)딥다이브컴퍼니,30.03,https://aisac.kobaco.co.kr/site/main/advideo/video/uu/860391H01_1_24-TH-07-458
농협은행 NH올원뱅크 : 없나요편,2024-07-16,30.0,"금융,보험및증권",금융및보험,은행,농협은행주식회사,(주)딥다이브컴퍼니,뮤지엄컨텐츠,30.03,https://aisac.kobaco.co.kr/site/main/advideo/video/uu/860395H01_1_24-TH-07-461
농협은행 NH올원뱅크 : 없나요편,2024-07-16,30.0,"금융,보험및증권",금융및보험,은행,농협은행주식회사,(주)딥다이브컴퍼니,뮤지엄컨텐츠,30.03,https://aisac.kobaco.co.kr/site/main/advideo/video/uu/860395H01_1_24-TH-07-461
삼성전자 갤럭시Z폴더블6 : 와우편,2024-07-16,15.0,컴퓨터및정보통신,통신기기,휴대폰,삼성전자(주),(주)제일기획,제일기획,15.02,https://aisac.kobaco.co.kr/site/main/advideo/video/uu/860824H01_1_24-TH-07-792
삼성전자 갤럭시Z폴더블6 : 와우편,2024-07-16,15.0,컴퓨터및정보통신,통신기기,휴대폰,삼성전자(주),(주)제일기획,제일기획,15.02,https://aisac.kobaco.co.kr/site/main/advideo/video/uu/860824H01_1_24-TH-07-792
삼성전자 갤럭시Z폴더블6 : 와우편,2024-07-16,15.0,컴퓨터및정보통신,통신기기,휴대폰,삼성전자(주),(주)제일기획,제일기획,15.02,https://aisac.kobaco.co.kr/site/main/advideo/video/uu/860824H01_1_24-TH-07-792
삼성전자 갤럭시 Z 플립6 : 통역편,2024-07-16,30.0,컴퓨터및정보통신,통신기기,휴대폰,삼성전자(주),(주)제일기획,제일기획,30.03,https://aisac.kobaco.co.kr/site/main/advideo/video/uu/862129H01_1_24-TH-08-618
삼성전자 갤럭시 Z 플립6 : 통역편,2024-07-16,30.0,컴퓨터및정보통신,통신기기,휴대폰,삼성전자(주),(주)제일기획,제일기획,30.03,https://aisac.kobaco.co.kr/site/main/advideo/video/uu/862129H01_1_24-TH-08-618
삼성전자 갤럭시 Z 플립6 : 통역편,2024-07-16,30.0,컴퓨터및정보통신,통신기기,휴대폰,삼성전자(주),(주)제일기획,제일기획,30.03,https://aisac.kobaco.co.kr/site/main/advideo/video/uu/862129H01_1_24-TH-08-618
NH농협손해보험 브랜드PR : 헤아림편,2024-07-16,15.0,"금융,보험및증권",금융및보험,손해보험,농협손해보험주식회사,(주)딥다이브컴퍼니,(주)딥다이브컴퍼니,15.02,https://aisac.kobaco.co.kr/site/main/advideo/video/uu/860394H01_1_24-TH-07-457
NH농협손해보험 브랜드PR : 헤아림편,2024-07-16,15.0,"금융,보험및증권",금융및보험,손해보험,농협손해보험주식회사,(주)딥다이브컴퍼니,(주)딥다이브컴퍼니,,
농협은행 NH올원뱅크 : 달콤혜택편,2024-07-16,30.0,"금융,보험및증권",금융및보험,은행,농협은행주식회사,(주)딥다이브컴퍼니,뮤지엄컨텐츠,15.02,https://aisac.kobaco.co.kr/site/main/advideo/video/uu/861330H01_1_24-TH-08-055
농협은행 NH올원뱅크 : 달콤혜택편,2024-07-16,30.0,"금융,보험및증권",금융및보험,은행,농협은행주식회사,(주)딥다이브컴퍼니,뮤지엄컨텐츠,15.02,https://aisac.kobaco.co.kr/site/main/advideo/video/uu/861330H01_1_24-TH-08-055
하나은행 달달하나 : 안유진편,2024-07-16,15.0,"금융,보험및증권",금융및보험,은행,주식회사하나은행,(주)에스엠컬처앤콘텐츠 광고사업부문,대홍기획,15.02,https://aisac.kobaco.co.kr/site/main/advideo/video/uu/860417H01_1_24-TH-07-477
삼성전자 갤럭시 Z 플립6 : 통역편,2024-07-16,30.0,컴퓨터및정보통신,통신기기,휴대폰,삼성전자(주),(주)제일기획,제일기획,30.03,https://aisac.kobaco.co.kr/site/main/advideo/video/uu/862129H01_1_24-TH-08-618
삼성전자 갤럭시 Z 플립6 : 통역편,2024-07-16,30.0,컴퓨터및정보통신,통신기기,휴대폰,삼성전자(주),(주)제일기획,제일기획,30.03,https://aisac.kobaco.co.kr/site/main/advideo/video/uu/862129H01_1_24-TH-08-618
삼성전자 갤럭시 Z 플립6 : 통역편,2024-07-16,30.0,컴퓨터및정보통신,통신기기,휴대폰,삼성전자(주),(주)제일기획,제일기획,30.03,https://aisac.kobaco.co.kr/site/main/advideo/video/uu/862129H01_1_24-TH-08-618
한국코카콜라 파워에이드 : 오상욱 선수 응원편,2024-07-16,15.0,음료및기호식품,비알콜음료,스포츠음료,한국코카콜라유한회사,(주)캐러트코리아,오길비코리아,15.02,https://aisac.kobaco.co.kr/site/main/advideo/video/uu/860400H01_1_24-TH-07-478
한국코카콜라 파워에이드 : 신유빈 선수 응원편,2024-07-16,15.0,음료및기호식품,비알콜음료,스포츠음료,한국코카콜라유한회사,(주)캐러트코리아,오길비코리아,15.02,https://aisac.kobaco.co.kr/site/main/advideo/video/uu/860410H01_1_24-TH-07-480
농협은행 NH올원뱅크 : 금융상품몰편,2024-07-16,30.0,"금융,보험및증권",금융및보험,은행,농협은행주식회사,(주)딥다이브컴퍼니,뮤지엄컨텐츠,30.03,https://aisac.kobaco.co.kr/site/main/advideo/video/uu/861327H01_1_24-TH-08-057
농협은행 NH올원뱅크 : 금융상품몰편,2024-07-16,30.0,"금융,보험및증권",금융및보험,은행,농협은행주식회사,(주)딥다이브컴퍼니,뮤지엄컨텐츠,30.03,https://aisac.kobaco.co.kr/site/main/advideo/video/uu/861327H01_1_24-TH-08-057
삼성전자 갤럭시 Z 플립6 : 통역편,2024-07-16,15.0,컴퓨터및정보통신,통신기기,휴대폰,삼성전자(주),(주)제일기획,제일기획,30.03,https://aisac.kobaco.co.kr/site/main/advideo/video/uu/862129H01_1_24-TH-08-618
삼성전자 갤럭시 Z 플립6 : 통역편,2024-07-16,15.0,컴퓨터및정보통신,통신기기,휴대폰,삼성전자(주),(주)제일기획,제일기획,30.03,https://aisac.kobaco.co.kr/site/main/advideo/video/uu/862129H01_1_24-TH-08-618
삼성전자 갤럭시 Z 플립6 : 통역편,2024-07-16,15.0,컴퓨터및정보통신,통신기기,휴대폰,삼성전자(주),(주)제일기획,제일기획,30.03,https://aisac.kobaco.co.kr/site/main/advideo/video/uu/862129H01_1_24-TH-08-618
어댑트 푸드올로지 : 새로워진 빨간통이벤트편,2024-07-16,15.0,식품,건강식품,다이어트식품,주식회사어댑트(adaptInc.),(주)제일기획,(주)앨리스퀘어크리에이티브,15.02,https://aisac.kobaco.co.kr/site/main/advideo/video/uu/860435H01_1_24-TH-07-488
어댑트 푸드올로지 : 새로워진 빨간통이벤트편,2024-07-16,15.0,식품,건강식품,다이어트식품,주식회사어댑트(adaptInc.),(주)제일기획,(주)앨리스퀘어크리에이티브,,
도안 푸르지오 디아델 : 그랜드 오픈편,2024-07-16,30.0,"건설,건재및부동산",부동산임대및매매,아파트임대및매매,금실개발,(주)빅애드컴,인터크레존,30.03,https://aisac.kobaco.co.kr/site/main/advideo/video/uu/860429H01_1_24-TH-07-482
이가네식육식당 : 고령한우 직판장편,2024-07-16,20.0,서비스,음식및숙박,대중음식점,이가네가야밀면식육식당,(주)유프레임,유프레임,20.02,https://aisac.kobaco.co.kr/site/main/advideo/video/uu/860396H01_1_24-TH-07-462
이가네식육식당 : 고령한우 직판장편,2024-07-16,20.0,서비스,음식및숙박,대중음식점,이가네가야밀면식육식당,(주)유프레임,유프레임,,
이가네식육식당 : 고령한우 직판장편,2024-07-16,20.0,서비스,음식및숙박,대중음식점,이가네가야밀면식육식당,(주)유프레임,유프레임,,
엔와이푸드 뉴욕버거 : 본편,2024-07-16,15.0,식품,제빵,"햄버거,피자및샌드위치",주식회사엔와이푸드,메가존(주),(주)원더랩,15.02,https://aisac.kobaco.co.kr/site/main/advideo/video/uu/860455H01_1_24-TH-07-509
라메디텍  퓨라셀미 : PURAXEL-ME or Not편,2024-07-16,15.0,화장품및보건용품,화장도구,"이,미용구",주식회사라메디텍,(주)오리콤,토스트,15.02,https://aisac.kobaco.co.kr/site/main/advideo/video/uu/860433H01_1_24-TH-07-487
NH농협손해보험 NH가성비굿건강보험 : 이름값 하는 보험편,2024-07-16,30.0,"금융,보험및증권",금융및보험,손해보험,농협손해보험주식회사,(주)딥다이브컴퍼니,(주)딥다이브컴퍼니,30.03,https://aisac.kobaco.co.kr/site/main/advideo/video/uu/860401H01_1_24-TH-07-470
쿡스탑앤푸드 : 도시아낙네 김치,2024-07-16,30.0,식품,농산품,농산품기타,주식회사쿡스탑앤푸드,(주)우일기획,지피지기(ZPZGi),30.03,https://aisac.kobaco.co.kr/site/main/advideo/video/uu/860415H01_1_24-TH-07-476
퍼틸레인 : 모바일게임 로드나인 론칭 B,2024-07-16,15.0,컴퓨터및정보통신,컴퓨터게임,모바일게임,(주)퍼틸레인,(주)나스미디어,퍼틸레인,15.02,https://aisac.kobaco.co.kr/site/main/advideo/video/uu/860397H01_1_24-TX-07-031
캐롯손해보험 : 캐롯 재가입률편,2024-07-16,15.0,"금융,보험및증권",금융및보험,손해보험,캐롯손해보험주식회사,(주)에스엠컬처앤콘텐츠 광고사업부문,(주)에스엠컬처앤콘텐츠 광고사업부문,15.02,https://aisac.kobaco.co.kr/site/main/advideo/video/uu/861738H01_1_24-TH-08-372
케이티 : KT 갤럭시Z Flip6 가입문의편,2024-07-16,30.0,컴퓨터및정보통신,통신망,이동통신,(주)케이티,(주)제일기획,제일기획,30.03,https://aisac.kobaco.co.kr/site/main/advideo/video/uu/860434H01_1_24-TH-07-486
오뚜기 : 오뚜기카레 아빠카레편,2024-07-15,15.0,식품,대용식품,대용식품제품종합,(주)오뚜기,(주)애드리치,(주)애드리치,15.02,https://aisac.kobaco.co.kr/site/main/advideo/video/uu/860368H01_1_24-TH-07-430
한국맥도날드 : 2024 맥스파이시 햄버거,2024-07-15,30.0,식품,제빵,"햄버거,피자및샌드위치",한국맥도날드유한회사,레오버넷(주),레오버넷,30.03,https://aisac.kobaco.co.kr/site/main/advideo/video/uu/860371H01_1_24-TX-07-030
명인제약 : 이가탄 세대편 수정,2024-07-15,15.0,제약및의료,"이비인후,치과및안과용제",구내염용제,명인제약(주),주식회사 명애드컴,(주)티키타카,15.02,https://aisac.kobaco.co.kr/site/main/advideo/video/uu/860718H01_1_24-TH-07-709
울주군청 : KTX-이음 남창역 정차 기원,2024-07-15,30.0,관공서및단체,중앙및지방관공서,지방자치단체,울주군청,한국언론진흥재단,이상한콘텐츠,30.03,https://aisac.kobaco.co.kr/site/main/advideo/video/uu/860360H01_1_24-TH-07-439
오뚜기 : 오뚜기카레 엄마카레편,2024-07-15,30.0,식품,대용식품,대용식품제품종합,(주)오뚜기,(주)애드리치,(주)애드리치,30.03,https://aisac.kobaco.co.kr/site/main/advideo/video/uu/860370H01_1_24-TH-07-427
레고코리아 : 레고 드림즈 완구 15초 B,2024-07-15,15.0,가정용품,완구류,"조립,모형완구",레고코리아(주),미디어브랜즈코리아 주식회사,미디어브랜즈코리아 주식회사,15.02,https://aisac.kobaco.co.kr/site/main/advideo/video/uu/860365H01_1_24-TH-07-435
악사손해보험 : 나를 지켜주는 암보험,2024-07-15,60.0,"금융,보험및증권","금융,보험및증권기타","금융,보험및증권기업PR",악사손해보험,,,60.06,https://aisac.kobaco.co.kr/site/main/advideo/video/uu/860779H01_1_24-HC-07-084
레고코리아 : 레고 드림즈 완구 15초 A,2024-07-15,15.0,가정용품,완구류,"조립,모형완구",레고코리아(주),미디어브랜즈코리아 주식회사,미디어브랜즈코리아 주식회사,15.02,https://aisac.kobaco.co.kr/site/main/advideo/video/uu/860364H01_1_24-TH-07-436
롯데컬처웍스 상영 안내 : 파일럿편,2024-07-15,15.0,서비스,문화및공연,영화,롯데컬처웍스(주),(주)이노션,주식회사 이노션,15.02,https://aisac.kobaco.co.kr/site/main/advideo/video/uu/860959H01_1_24-TH-07-896
롯데컬처웍스 상영 안내 : 파일럿편,2024-07-15,15.0,서비스,문화및공연,영화,롯데컬처웍스(주),(주)이노션,주식회사 이노션,15.02,https://aisac.kobaco.co.kr/site/main/advideo/video/uu/860959H01_1_24-TH-07-896
롯데컬처웍스 상영 안내 : 파일럿편,2024-07-15,15.0,서비스,문화및공연,영화,롯데컬처웍스(주),(주)이노션,주식회사 이노션,15.02,https://aisac.kobaco.co.kr/site/main/advideo/video/uu/860959H01_1_24-TH-07-896
삼성전자 GalaxyBrand : Life opens up with GalaxAI편,2024-07-15,60.0,컴퓨터및정보통신,통신기기,휴대폰,삼성전자(주),(주)제일기획,제일기획,30.03,https://aisac.kobaco.co.kr/site/main/advideo/video/uu/860560H01_1_24-TH-07-580
삼성전자 GalaxyBrand : Life opens up with GalaxAI편,2024-07-15,60.0,컴퓨터및정보통신,통신기기,휴대폰,삼성전자(주),(주)제일기획,제일기획,30.03,https://aisac.kobaco.co.kr/site/main/advideo/video/uu/860560H01_1_24-TH-07-580
삼성전자 GalaxyBrand : Life opens up with GalaxAI편,2024-07-15,60.0,컴퓨터및정보통신,통신기기,휴대폰,삼성전자(주),(주)제일기획,제일기획,30.03,https://aisac.kobaco.co.kr/site/main/advideo/video/uu/860560H01_1_24-TH-07-580
삼성전자 GalaxyBrand : Life opens up with GalaxAI편,2024-07-15,30.0,컴퓨터및정보통신,통신기기,휴대폰,삼성전자(주),(주)제일기획,제일기획,30.03,https://aisac.kobaco.co.kr/site/main/advideo/video/uu/860560H01_1_24-TH-07-580
삼성전자 GalaxyBrand : Life opens up with GalaxAI편,2024-07-15,30.0,컴퓨터및정보통신,통신기기,휴대폰,삼성전자(주),(주)제일기획,제일기획,30.03,https://aisac.kobaco.co.kr/site/main/advideo/video/uu/860560H01_1_24-TH-07-580
삼성전자 GalaxyBrand : Life opens up with GalaxAI편,2024-07-15,30.0,컴퓨터및정보통신,통신기기,휴대폰,삼성전자(주),(주)제일기획,제일기획,30.03,https://aisac.kobaco.co.kr/site/main/advideo/video/uu/860560H01_1_24-TH-07-580
명인제약 이가탄 : 세대편,2024-07-15,15.0,제약및의료,"이비인후,치과및안과용제",구내염용제,명인제약(주),주식회사 명애드컴,(주)티키타카,15.02,https://aisac.kobaco.co.kr/site/main/advideo/video/uu/860718H01_1_24-TH-07-709
명인제약 이가탄 : 세대편,2024-07-15,15.0,제약및의료,"이비인후,치과및안과용제",구내염용제,명인제약(주),주식회사 명애드컴,(주)티키타카,15.02,https://aisac.kobaco.co.kr/site/main/advideo/video/uu/860718H01_1_24-TH-07-709
명인제약 이가탄 : 세대편,2024-07-15,15.0,제약및의료,"이비인후,치과및안과용제",구내염용제,명인제약(주),주식회사 명애드컴,(주)티키타카,15.02,https://aisac.kobaco.co.kr/site/main/advideo/video/uu/860718H01_1_24-TH-07-709
명인제약 이가탄 : 세대편,2024-07-15,15.0,제약및의료,"이비인후,치과및안과용제",구내염용제,명인제약(주),주식회사 명애드컴,(주)티키타카,15.02,https://aisac.kobaco.co.kr/site/main/advideo/video/uu/860718H01_1_24-TH-07-709
메르세데스벤츠코리아 S-Class : 시대의 기준편,2024-07-15,30.0,수송기기,수입자동차,수입승용차,메르세데스벤츠코리아주식회사,주식회사 에이치에스애드,버튼크리에이티브,30.03,https://aisac.kobaco.co.kr/site/main/advideo/video/uu/860386H01_1_24-TH-07-453
메르세데스벤츠코리아 S-Class : 시대의 기준편,2024-07-15,30.0,수송기기,수입자동차,수입승용차,메르세데스벤츠코리아주식회사,주식회사 에이치에스애드,버튼크리에이티브,,
롯데컬처웍스 상영 안내 : 파일럿편,2024-07-15,15.0,서비스,문화및공연,영화,롯데컬처웍스(주),(주)이노션,주식회사 이노션,15.02,https://aisac.kobaco.co.kr/site/main/advideo/video/uu/860959H01_1_24-TH-07-896
롯데컬처웍스 상영 안내 : 파일럿편,2024-07-15,15.0,서비스,문화및공연,영화,롯데컬처웍스(주),(주)이노션,주식회사 이노션,15.02,https://aisac.kobaco.co.kr/site/main/advideo/video/uu/860959H01_1_24-TH-07-896
롯데컬처웍스 상영 안내 : 파일럿편,2024-07-15,15.0,서비스,문화및공연,영화,롯데컬처웍스(주),(주)이노션,주식회사 이노션,15.02,https://aisac.kobaco.co.kr/site/main/advideo/video/uu/860959H01_1_24-TH-07-896
동아제약 노스카나 : 빠를수록 바를수록편,2024-07-15,15.0,제약및의료,두피및피부용제,여드름치료제,동아제약(주),(주)에스엠컬처앤콘텐츠 광고사업부문,제일기획,15.02,https://aisac.kobaco.co.kr/site/main/advideo/video/uu/860378H01_1_24-TH-07-445
동아제약 노스카나 : 빠를수록 바를수록편,2024-07-15,15.0,제약및의료,두피및피부용제,여드름치료제,동아제약(주),(주)에스엠컬처앤콘텐츠 광고사업부문,제일기획,,
명인제약 이가탄 : 전광렬 엔딩편,2024-07-15,15.0,제약및의료,"이비인후,치과및안과용제","이비인후,치과및안과용제제품종합",명인제약,(주)연합뉴스티브이,,15.02,https://aisac.kobaco.co.kr/site/main/advideo/video/uu/860426H01_1_24-HC-07-067
명인제약 이가탄 : 세대편,2024-07-15,20.0,제약및의료,"이비인후,치과및안과용제",구내염용제,명인제약(주),주식회사 명애드컴,(주)티키타카,15.02,https://aisac.kobaco.co.kr/site/main/advideo/video/uu/860718H01_1_24-TH-07-709
명인제약 이가탄 : 세대편,2024-07-15,20.0,제약및의료,"이비인후,치과및안과용제",구내염용제,명인제약(주),주식회사 명애드컴,(주)티키타카,15.02,https://aisac.kobaco.co.kr/site/main/advideo/video/uu/860718H01_1_24-TH-07-709
명인제약 이가탄 : 세대편,2024-07-15,20.0,제약및의료,"이비인후,치과및안과용제",구내염용제,명인제약(주),주식회사 명애드컴,(주)티키타카,15.02,https://aisac.kobaco.co.kr/site/main/advideo/video/uu/860718H01_1_24-TH-07-709
명인제약 이가탄 : 세대편,2024-07-15,20.0,제약및의료,"이비인후,치과및안과용제",구내염용제,명인제약(주),주식회사 명애드컴,(주)티키타카,15.02,https://aisac.kobaco.co.kr/site/main/advideo/video/uu/860718H01_1_24-TH-07-709
정인구팥빵 PR : 정성을 다하는 베이커리편,2024-07-15,20.0,식품,제빵,제빵제품종합,정인구팥빵,주식회사 제이엔프로,주식회사 제이엔프로,20.02,https://aisac.kobaco.co.kr/site/main/advideo/video/uu/861541H01_1_24-TH-08-219
오뚜기 카레 : 아빠카레편,2024-07-15,30.0,식품,대용식품,대용식품제품종합,(주)오뚜기,(주)애드리치,(주)애드리치,15.02,https://aisac.kobaco.co.kr/site/main/advideo/video/uu/860368H01_1_24-TH-07-430
오뚜기 카레 : 아빠카레편,2024-07-15,30.0,식품,대용식품,대용식품제품종합,(주)오뚜기,(주)애드리치,(주)애드리치,,
오뚜기 카레 : 엄마카레편,2024-07-15,15.0,식품,대용식품,대용식품제품종합,(주)오뚜기,(주)애드리치,(주)애드리치,30.03,https://aisac.kobaco.co.kr/site/main/advideo/video/uu/860370H01_1_24-TH-07-427
오뚜기 카레 : 엄마카레편,2024-07-15,15.0,식품,대용식품,대용식품제품종합,(주)오뚜기,(주)애드리치,(주)애드리치,,
오뚜기 카레 : 엄마카레편,2024-07-15,15.0,식품,대용식품,대용식품제품종합,(주)오뚜기,(주)애드리치,(주)애드리치,,
퍼시스 슬로우베드 : 내일의 발견편,2024-07-15,15.0,가정용품,가구류,침대,(주)퍼시스,TBWA KOREA(주),TBWA KOREA(주),15.02,https://aisac.kobaco.co.kr/site/main/advideo/video/uu/861282H01_1_24-TH-08-032
엔와이푸드 뉴욕버거 : 뉴욕패티편,2024-07-15,30.0,식품,제빵,"햄버거,피자및샌드위치",주식회사엔와이푸드,메가존(주),(주)원더랩,30.03,https://aisac.kobaco.co.kr/site/main/advideo/video/uu/860372H01_1_24-TX-07-029
명인제약 이가탄 : 김지호 엔딩편,2024-07-15,15.0,제약및의료,"이비인후,치과및안과용제","이비인후,치과및안과용제제품종합",명인제약,(주)연합뉴스티브이,,15.02,https://aisac.kobaco.co.kr/site/main/advideo/video/uu/860426H01_1_24-HC-07-067
일동제약 아로나민골드 : 빼버려편,2024-07-12,15.0,제약및의료,대사성의약,자양강장제,일동제약(주),(주)한컴,주식회사 리멤버,15.02,https://aisac.kobaco.co.kr/site/main/advideo/video/uu/860327H01_1_24-TH-07-401
씨제이웰케어 CJ쏘팔메토 전립소 프리미엄 : 전화주세요편,2024-07-12,60.0,식품,건강식품,건강보조식품,씨제이웰케어(주),,,60.06,https://aisac.kobaco.co.kr/site/main/advideo/video/uu/860342H01_1_24-HC-07-059
에스케이텔레콤 SKT 갤럭시 Z Fold6 : 육대급 혜택편,2024-07-12,30.0,컴퓨터및정보통신,통신기기,휴대폰,삼성전자(주),(주)제일기획,(주)에스엠컬처앤콘텐츠 광고사업부문,30.03,https://aisac.kobaco.co.kr/site/main/advideo/video/uu/860852H01_1_24-TH-07-818
에스케이텔레콤 SKT 갤럭시 Z Fold6 : 육대급 혜택편,2024-07-12,30.0,컴퓨터및정보통신,통신기기,휴대폰,삼성전자(주),(주)제일기획,(주)에스엠컬처앤콘텐츠 광고사업부문,30.03,https://aisac.kobaco.co.kr/site/main/advideo/video/uu/860852H01_1_24-TH-07-818
에스케이텔레콤 SKT 갤럭시 Z Fold6 : 육대급 혜택편,2024-07-12,30.0,컴퓨터및정보통신,통신기기,휴대폰,삼성전자(주),(주)제일기획,(주)에스엠컬처앤콘텐츠 광고사업부문,30.03,https://aisac.kobaco.co.kr/site/main/advideo/video/uu/860852H01_1_24-TH-07-818
에스케이텔레콤 SKT 갤럭시 Z Fold6 : 육대급 혜택편,2024-07-12,30.0,컴퓨터및정보통신,통신기기,휴대폰,삼성전자(주),(주)제일기획,(주)에스엠컬처앤콘텐츠 광고사업부문,30.03,https://aisac.kobaco.co.kr/site/main/advideo/video/uu/860852H01_1_24-TH-07-818
에스케이텔레콤 SKT 갤럭시 Z 폴더블6 : 육대급 혜택편,2024-07-12,60.0,컴퓨터및정보통신,통신기기,휴대폰,삼성전자(주),(주)제일기획,(주)에스엠컬처앤콘텐츠 광고사업부문,60.06,https://aisac.kobaco.co.kr/site/main/advideo/video/uu/860290H01_1_24-TH-07-368
에스케이텔레콤 SKT 갤럭시 Z 폴더블6 : 육대급 혜택편,2024-07-12,60.0,컴퓨터및정보통신,통신기기,휴대폰,삼성전자(주),(주)제일기획,(주)에스엠컬처앤콘텐츠 광고사업부문,60.06,https://aisac.kobaco.co.kr/site/main/advideo/video/uu/860290H01_1_24-TH-07-368
에스케이텔레콤 SKT 갤럭시 Z Flip6 : 육대급 혜택편,2024-07-12,30.0,컴퓨터및정보통신,통신기기,휴대폰,에스케이텔레콤(주),(주)에스엠컬처앤콘텐츠 광고사업부문,(주)에스엠컬처앤콘텐츠 광고사업부문,30.03,https://aisac.kobaco.co.kr/site/main/advideo/video/uu/860856H01_1_24-TH-07-817
에스케이텔레콤 SKT 갤럭시 Z Flip6 : 육대급 혜택편,2024-07-12,30.0,컴퓨터및정보통신,통신기기,휴대폰,에스케이텔레콤(주),(주)에스엠컬처앤콘텐츠 광고사업부문,(주)에스엠컬처앤콘텐츠 광고사업부문,30.03,https://aisac.kobaco.co.kr/site/main/advideo/video/uu/860856H01_1_24-TH-07-817
엘지유플러스 LGU갤럭시Z6FLIP : 통신비 할인편,2024-07-12,15.0,컴퓨터및정보통신,통신정보서비스,통신정보서비스기타,(주)엘지유플러스,주식회사 에이치에스애드,오리콤,15.02,https://aisac.kobaco.co.kr/site/main/advideo/video/uu/860314H01_1_24-TH-07-392
현대자동차 캐스퍼 일렉트릭 : 사전계약편,2024-07-12,30.0,수송기기,승용자동차,소형승용차,현대자동차(주),(주)이노션,(주)어셈블인,30.03,https://aisac.kobaco.co.kr/site/main/advideo/video/uu/860320H01_1_24-TH-07-394
명인제약 이가탄 : 세대편,2024-07-12,20.0,제약및의료,"이비인후,치과및안과용제",구내염용제,명인제약(주),주식회사 명애드컴,(주)티키타카,15.02,https://aisac.kobaco.co.kr/site/main/advideo/video/uu/860718H01_1_24-TH-07-709
명인제약 이가탄 : 세대편,2024-07-12,20.0,제약및의료,"이비인후,치과및안과용제",구내염용제,명인제약(주),주식회사 명애드컴,(주)티키타카,15.02,https://aisac.kobaco.co.kr/site/main/advideo/video/uu/860718H01_1_24-TH-07-709
명인제약 이가탄 : 세대편,2024-07-12,20.0,제약및의료,"이비인후,치과및안과용제",구내염용제,명인제약(주),주식회사 명애드컴,(주)티키타카,15.02,https://aisac.kobaco.co.kr/site/main/advideo/video/uu/860718H01_1_24-TH-07-709
명인제약 이가탄 : 세대편,2024-07-12,20.0,제약및의료,"이비인후,치과및안과용제",구내염용제,명인제약(주),주식회사 명애드컴,(주)티키타카,15.02,https://aisac.kobaco.co.kr/site/main/advideo/video/uu/860718H01_1_24-TH-07-709
에스엘바이오텍 뉴트리코어 블루션 : 아니죠편,2024-07-12,30.0,식품,건강식품,건강보조식품,주식회사에스엘바이오텍,(주)이노션,주식회사 이노션,30.03,https://aisac.kobaco.co.kr/site/main/advideo/video/uu/860277H01_1_24-TH-07-376
에스케이텔레콤 SKT 갤럭시 Z Fold6 : 육대급 혜택편,2024-07-12,30.0,컴퓨터및정보통신,통신기기,휴대폰,에스케이텔레콤(주),(주)에스엠컬처앤콘텐츠 광고사업부문,(주)에스엠컬처앤콘텐츠 광고사업부문,30.03,https://aisac.kobaco.co.kr/site/main/advideo/video/uu/860852H01_1_24-TH-07-818
에스케이텔레콤 SKT 갤럭시 Z Fold6 : 육대급 혜택편,2024-07-12,30.0,컴퓨터및정보통신,통신기기,휴대폰,에스케이텔레콤(주),(주)에스엠컬처앤콘텐츠 광고사업부문,(주)에스엠컬처앤콘텐츠 광고사업부문,30.03,https://aisac.kobaco.co.kr/site/main/advideo/video/uu/860852H01_1_24-TH-07-818
에스케이텔레콤 SKT 갤럭시 Z Fold6 : 육대급 혜택편,2024-07-12,30.0,컴퓨터및정보통신,통신기기,휴대폰,에스케이텔레콤(주),(주)에스엠컬처앤콘텐츠 광고사업부문,(주)에스엠컬처앤콘텐츠 광고사업부문,30.03,https://aisac.kobaco.co.kr/site/main/advideo/video/uu/860852H01_1_24-TH-07-818
에스케이텔레콤 SKT 갤럭시 Z Fold6 : 육대급 혜택편,2024-07-12,30.0,컴퓨터및정보통신,통신기기,휴대폰,에스케이텔레콤(주),(주)에스엠컬처앤콘텐츠 광고사업부문,(주)에스엠컬처앤콘텐츠 광고사업부문,30.03,https://aisac.kobaco.co.kr/site/main/advideo/video/uu/860852H01_1_24-TH-07-818
엘지유플러스 LGU 갤럭시 Z 폴드6 : 통신비 하나로 다 되는 세상편,2024-07-12,15.0,컴퓨터및정보통신,통신정보서비스,통신정보서비스기타,(주)엘지유플러스,주식회사 에이치에스애드,오리콤,15.02,https://aisac.kobaco.co.kr/site/main/advideo/video/uu/860663H01_1_24-TH-07-662
엘지유플러스 LGU 갤럭시 Z 폴드6 : 통신비 하나로 다 되는 세상편,2024-07-12,15.0,컴퓨터및정보통신,통신정보서비스,통신정보서비스기타,(주)엘지유플러스,주식회사 에이치에스애드,오리콤,15.02,https://aisac.kobaco.co.kr/site/main/advideo/video/uu/860663H01_1_24-TH-07-662
엘지유플러스 LGU 갤럭시 Z 폴드6 : 통신비 하나로 다 되는 세상편,2024-07-12,15.0,컴퓨터및정보통신,통신정보서비스,통신정보서비스기타,(주)엘지유플러스,주식회사 에이치에스애드,오리콤,15.02,https://aisac.kobaco.co.kr/site/main/advideo/video/uu/860663H01_1_24-TH-07-662
거제케이블카 : 거제 파노라마 케이블카편,2024-07-12,20.0,서비스,스포츠및오락시설,공원및테마파크,거제케이블카주식회사,주식회사 애드클래스,주식회사 애드클래스,20.02,https://aisac.kobaco.co.kr/site/main/advideo/video/uu/860305H01_1_24-TH-07-382
오롯이 오롯이 주스 : 건강한 하루 루틴편,2024-07-12,20.0,음료및기호식품,음료및기호식품기타,음료및기호식품기타,오롯이,(주)우일기획,스마트솔루션,20.02,https://aisac.kobaco.co.kr/site/main/advideo/video/uu/860299H01_1_24-TH-07-388
케이티 KT 갤럭시 Z 폴더블 6 : 사전예약 혜택편,2024-07-12,15.0,컴퓨터및정보통신,통신망,이동통신,(주)케이티,(주)제일기획,제일기획,15.02,https://aisac.kobaco.co.kr/site/main/advideo/video/uu/860331H01_1_24-TH-07-403
"충청남도청 충남의 바다 :  매력 충만, 요즘 충남편",2024-07-12,15.0,관공서및단체,중앙및지방관공서,지방자치단체,충청남도청,(주)에스비에스엠앤씨,(주)에스비에스엠앤씨,15.02,https://aisac.kobaco.co.kr/site/main/advideo/video/uu/860284H01_1_24-TH-07-373
에스케이텔레콤 SKT 갤럭시 Z 폴더블6 : 육대급 혜택편,2024-07-12,60.0,컴퓨터및정보통신,통신기기,휴대폰,에스케이텔레콤(주),(주)에스엠컬처앤콘텐츠 광고사업부문,(주)에스엠컬처앤콘텐츠 광고사업부문,60.06,https://aisac.kobaco.co.kr/site/main/advideo/video/uu/860290H01_1_24-TH-07-368
에스케이텔레콤 SKT 갤럭시 Z 폴더블6 : 육대급 혜택편,2024-07-12,60.0,컴퓨터및정보통신,통신기기,휴대폰,에스케이텔레콤(주),(주)에스엠컬처앤콘텐츠 광고사업부문,(주)에스엠컬처앤콘텐츠 광고사업부문,60.06,https://aisac.kobaco.co.kr/site/main/advideo/video/uu/860290H01_1_24-TH-07-368
명인제약 이가탄 : 세대편,2024-07-12,15.0,제약및의료,"이비인후,치과및안과용제",구내염용제,명인제약(주),주식회사 명애드컴,(주)티키타카,15.02,https://aisac.kobaco.co.kr/site/main/advideo/video/uu/860718H01_1_24-TH-07-709
명인제약 이가탄 : 세대편,2024-07-12,15.0,제약및의료,"이비인후,치과및안과용제",구내염용제,명인제약(주),주식회사 명애드컴,(주)티키타카,15.02,https://aisac.kobaco.co.kr/site/main/advideo/video/uu/860718H01_1_24-TH-07-709
명인제약 이가탄 : 세대편,2024-07-12,15.0,제약및의료,"이비인후,치과및안과용제",구내염용제,명인제약(주),주식회사 명애드컴,(주)티키타카,15.02,https://aisac.kobaco.co.kr/site/main/advideo/video/uu/860718H01_1_24-TH-07-709
명인제약 이가탄 : 세대편,2024-07-12,15.0,제약및의료,"이비인후,치과및안과용제",구내염용제,명인제약(주),주식회사 명애드컴,(주)티키타카,15.02,https://aisac.kobaco.co.kr/site/main/advideo/video/uu/860718H01_1_24-TH-07-709
롯데칠성음료 칠성사이다 : 밤편,2024-07-12,15.0,음료및기호식품,비알콜음료,사이다,롯데칠성음료(주),(주)대홍기획,히어로크리에이티브,15.02,https://aisac.kobaco.co.kr/site/main/advideo/video/uu/860282H01_1_24-TX-07-026
DB손해보험 나에게 맞춘 플러스간편건강보험 : 나를 위한 간편 건강보험편,2024-07-12,60.0,"금융,보험및증권","금융,보험및증권기타","금융,보험및증권기업PR",DB손해보험,,,60.06,https://aisac.kobaco.co.kr/site/main/advideo/video/uu/860332H01_1_24-HC-07-057
DB손해보험 나에게 맞춘 플러스간편건강보험 : 나를 위한 간편 건강보험편,2024-07-12,60.0,"금융,보험및증권","금융,보험및증권기타","금융,보험및증권기업PR",DB손해보험,,,,
현대자동차 캐스퍼 일렉트릭 : 전력을 다하다편,2024-07-12,30.0,수송기기,승용자동차,소형승용차,현대자동차(주),(주)이노션,(주)어셈블인,30.03,https://aisac.kobaco.co.kr/site/main/advideo/video/uu/860318H01_1_24-TH-07-395
현대자동차 캐스퍼 일렉트릭 : 전력을 다하다편,2024-07-12,30.0,수송기기,승용자동차,소형승용차,현대자동차(주),(주)이노션,(주)어셈블인,,
프리드라이프 : 상조 서비스 상품 가입,2024-07-12,60.0,"금융,보험및증권","금융,보험및증권기타","금융,보험및증권제품종합",프리드라이프,,,60.06,https://aisac.kobaco.co.kr/site/main/advideo/video/uu/860325H01_1_24-HC-07-056
롯데칠성음료 : 칠성사이다 청량 바이브 이벤트,2024-07-12,15.0,음료및기호식품,비알콜음료,사이다,롯데칠성음료(주),(주)대홍기획,히어로크리에이티브,15.02,https://aisac.kobaco.co.kr/site/main/advideo/video/uu/860281H01_1_24-TX-07-027
케이티 : 통신서비스 요고,2024-07-12,15.0,컴퓨터및정보통신,통신망,이동통신,(주)케이티,(주)제일기획,제일기획,15.02,https://aisac.kobaco.co.kr/site/main/advideo/video/uu/860313H01_1_24-TH-07-391
엘리자베스아덴 : 화이트티 향수,2024-07-12,30.0,화장품및보건용품,방향화장품,성인용향수,엘리자베스아덴,,,30.03,https://aisac.kobaco.co.kr/site/main/advideo/video/uu/860323H01_1_24-HC-07-053
오스템임플란트 : 2024 기업PR,2024-07-12,15.0,제약및의료,제약및의료기타,제약및의료기업PR,오스템임플란트주식회사,(주)제일기획,제일기획,15.02,https://aisac.kobaco.co.kr/site/main/advideo/video/uu/867082H01_1_24-TH-12-324
명인제약 : 이가탄 세대편,2024-07-12,15.0,제약및의료,"이비인후,치과및안과용제",구내염용제,명인제약(주),주식회사 명애드컴,(주)티키타카,15.02,https://aisac.kobaco.co.kr/site/main/advideo/video/uu/860718H01_1_24-TH-07-709
현대자동차 : 캐스퍼 일렉트릭 자동차,2024-07-12,30.0,수송기기,승용자동차,소형승용차,현대자동차(주),(주)이노션,(주)어셈블인,30.03,https://aisac.kobaco.co.kr/site/main/advideo/video/uu/864689H01_1_24-TH-10-470
씨제이제일제당 : 잡곡밥 햇반,2024-07-12,15.0,식품,대용식품,즉석밥및즉석죽,씨제이제일제당(주),(주)오리콤,오리콤,15.02,https://aisac.kobaco.co.kr/site/main/advideo/video/uu/860326H01_1_24-TH-07-402
케이티 : KT 가족결합 할인,2024-07-12,15.0,컴퓨터및정보통신,통신망,이동통신,(주)케이티,(주)제일기획,제일기획,15.02,https://aisac.kobaco.co.kr/site/main/advideo/video/uu/860328H01_1_24-TH-07-399
에스엘바이오텍 : 혈압혈당콜레스테롤 건강기능식품 블루션,2024-07-12,15.0,식품,건강식품,건강보조식품,주식회사에스엘바이오텍,주식회사 디사이드컴즈,주식회사 이노션,15.02,https://aisac.kobaco.co.kr/site/main/advideo/video/uu/860278H01_1_24-TH-07-375
케이티 : KT 갤럭시Z Flip6,2024-07-12,30.0,컴퓨터및정보통신,통신망,이동통신,(주)케이티,(주)제일기획,제일기획,30.03,https://aisac.kobaco.co.kr/site/main/advideo/video/uu/861685H01_1_24-TH-08-338
삼성전자 : SKT 갤럭시 Z Flip6 육대급 혜택,2024-07-12,30.0,컴퓨터및정보통신,통신기기,휴대폰,삼성전자(주),(주)제일기획,(주)에스엠컬처앤콘텐츠 광고사업부문,30.03,https://aisac.kobaco.co.kr/site/main/advideo/video/uu/860279H01_1_24-TH-07-367
엘지유플러스 : LG유플러스 포동 반려견 동반 항공상품,2024-07-12,15.0,컴퓨터및정보통신,통신정보서비스,모바일콘텐츠서비스,(주)엘지유플러스,주식회사 에이치에스애드,파크프로덕션,15.02,https://aisac.kobaco.co.kr/site/main/advideo/video/uu/860297H01_1_24-TH-07-377
넷플릭스 : 2024 여름 액션 콘텐츠,2024-07-12,15.0,컴퓨터및정보통신,컴퓨터및정보통신기타,컴퓨터및정보통신기타,넷플릭스서비시스코리아유한회사,(주)제일기획,비주얼인텔리전스,15.02,https://aisac.kobaco.co.kr/site/main/advideo/video/uu/860302H01_1_24-TH-07-383
케이티 : KT 가족결합 할인 30초,2024-07-12,30.0,컴퓨터및정보통신,통신망,이동통신,(주)케이티,(주)제일기획,제일기획,30.03,https://aisac.kobaco.co.kr/site/main/advideo/video/uu/860329H01_1_24-TH-07-400
씨제이이엔엠 알리익스프레스 : 1000억 페스타편,2024-07-11,15.0,유통,특수유통,전자상거래,(주)씨제이이엔엠,(주)디렉터스컴퍼니,(주)씨제이이엔엠,15.02,https://aisac.kobaco.co.kr/site/main/advideo/video/uu/861452H01_1_24-TH-08-145
씨제이이엔엠 알리익스프레스 : 1000억 페스타편,2024-07-11,15.0,유통,특수유통,전자상거래,(주)씨제이이엔엠,(주)디렉터스컴퍼니,(주)씨제이이엔엠,15.02,https://aisac.kobaco.co.kr/site/main/advideo/video/uu/861452H01_1_24-TH-08-145
씨제이이엔엠 알리익스프레스 : 1000억 페스타편,2024-07-11,30.0,유통,특수유통,전자상거래,(주)씨제이이엔엠,(주)디렉터스컴퍼니,(주)씨제이이엔엠,15.02,https://aisac.kobaco.co.kr/site/main/advideo/video/uu/861452H01_1_24-TH-08-145
씨제이이엔엠 알리익스프레스 : 1000억 페스타편,2024-07-11,30.0,유통,특수유통,전자상거래,(주)씨제이이엔엠,(주)디렉터스컴퍼니,(주)씨제이이엔엠,15.02,https://aisac.kobaco.co.kr/site/main/advideo/video/uu/861452H01_1_24-TH-08-145
한국힙합문화협회 공연안내 : 보령케이힙합페스티벌편,2024-07-11,20.0,관공서및단체,관공서및단체기타,관공서및단체기타,사단법인한국힙합문화협회,(주)딜라이브강남케이블티브이,디아이엠,20.02,https://aisac.kobaco.co.kr/site/main/advideo/video/uu/860222H01_1_24-TH-07-339
한국힙합문화협회 공연안내 : 보령케이힙합페스티벌편,2024-07-11,20.0,관공서및단체,관공서및단체기타,관공서및단체기타,사단법인한국힙합문화협회,(주)딜라이브강남케이블티브이,디아이엠,,
라이나생명 골라담는 간편건강보험 : 노후생활비편,2024-07-11,60.0,"금융,보험및증권","금융,보험및증권기타","금융,보험및증권기업PR",라이나생명,,,60.06,https://aisac.kobaco.co.kr/site/main/advideo/video/uu/860275H01_1_24-HC-07-047
사랑이네 청명굴비 : 소문난 손질굴비 맛집편,2024-07-11,20.0,서비스,음식및숙박,대중음식점,사랑이네청명굴비,(주)나라미디어,(주)나라미디어,20.02,https://aisac.kobaco.co.kr/site/main/advideo/video/uu/860226H01_1_24-TH-07-347
삼성전자 갤럭시Z폴더블6 : 사전판매편,2024-07-11,15.0,컴퓨터및정보통신,통신기기,휴대폰,삼성전자(주),(주)제일기획,제일기획,15.02,https://aisac.kobaco.co.kr/site/main/advideo/video/uu/860263H01_1_24-TH-07-358
삼성전자 갤럭시Z폴더블6 : 사전판매편,2024-07-11,15.0,컴퓨터및정보통신,통신기기,휴대폰,삼성전자(주),(주)제일기획,제일기획,15.02,https://aisac.kobaco.co.kr/site/main/advideo/video/uu/860263H01_1_24-TH-07-358
삼성전자 갤럭시Z폴더블6 : 사전판매편,2024-07-11,15.0,컴퓨터및정보통신,통신기기,휴대폰,삼성전자(주),(주)제일기획,제일기획,,
삼성전자 갤럭시Z폴더블6 : 사전판매편,2024-07-11,30.0,컴퓨터및정보통신,통신기기,휴대폰,삼성전자(주),(주)제일기획,제일기획,15.02,https://aisac.kobaco.co.kr/site/main/advideo/video/uu/860263H01_1_24-TH-07-358
삼성전자 갤럭시Z폴더블6 : 사전판매편,2024-07-11,30.0,컴퓨터및정보통신,통신기기,휴대폰,삼성전자(주),(주)제일기획,제일기획,15.02,https://aisac.kobaco.co.kr/site/main/advideo/video/uu/860263H01_1_24-TH-07-358
삼성전자 갤럭시Z폴더블6 : 사전판매편,2024-07-11,30.0,컴퓨터및정보통신,통신기기,휴대폰,삼성전자(주),(주)제일기획,제일기획,,
농협은행 NH올원뱅크 : 개인맞춤편,2024-07-11,15.0,"금융,보험및증권",금융및보험,은행,농협은행주식회사,(주)딥다이브컴퍼니,뮤지엄컨텐츠,30.03,https://aisac.kobaco.co.kr/site/main/advideo/video/uu/861328H01_1_24-TH-08-059
농협은행 NH올원뱅크 : 개인맞춤편,2024-07-11,15.0,"금융,보험및증권",금융및보험,은행,농협은행주식회사,(주)딥다이브컴퍼니,뮤지엄컨텐츠,30.03,https://aisac.kobaco.co.kr/site/main/advideo/video/uu/861328H01_1_24-TH-08-059
농협은행 NH올원뱅크 : 개인맞춤편,2024-07-11,15.0,"금융,보험및증권",금융및보험,은행,농협은행주식회사,(주)딥다이브컴퍼니,뮤지엄컨텐츠,30.03,https://aisac.kobaco.co.kr/site/main/advideo/video/uu/861328H01_1_24-TH-08-059
경남기업 : 경남아너스빌 리미티드 분양,2024-07-11,15.0,"건설,건재및부동산","건설,건재및부동산기타","건설,건재및부동산기업PR",경남기업(주),(주)인터크레존(서울),인터크레존,15.02,https://aisac.kobaco.co.kr/site/main/advideo/video/uu/860251H01_1_24-TH-07-352
국가보훈부 : 또 하나의 국가대표 소방관편,2024-07-11,40.0,관공서및단체,중앙및지방관공서,중앙관공서,국가보훈부,한국언론진흥재단,대홍기획,40.04,https://aisac.kobaco.co.kr/site/main/advideo/video/uu/860269H01_1_24-TH-07-362
엘지유플러스 : LGU 갤럭시 Z6 폴드,2024-07-11,15.0,컴퓨터및정보통신,통신정보서비스,통신정보서비스기타,(주)엘지유플러스,주식회사 에이치에스애드,오리콤,15.02,https://aisac.kobaco.co.kr/site/main/advideo/video/uu/861889H01_1_24-TH-08-467
삼성전자 : 갤럭시 폴더블6 60초,2024-07-11,60.0,컴퓨터및정보통신,통신기기,휴대폰,삼성전자(주),(주)제일기획,(주)에스엠컬처앤콘텐츠 광고사업부문,60.06,https://aisac.kobaco.co.kr/site/main/advideo/video/uu/860855H01_1_24-TH-07-814
경기도청 : 경기도 360돌봄 홍보,2024-07-11,30.0,관공서및단체,중앙및지방관공서,지방자치단체,경기도청,어니스트픽처스 주식회사,어니스트픽처스 주식회사,30.03,https://aisac.kobaco.co.kr/site/main/advideo/video/uu/860261H01_1_24-TH-07-359
에스케이텔레콤 : 갤럭시 폴더블6 60초,2024-07-11,60.0,컴퓨터및정보통신,통신기기,휴대폰,에스케이텔레콤(주),(주)에스엠컬처앤콘텐츠 광고사업부문,(주)에스엠컬처앤콘텐츠 광고사업부문,60.06,https://aisac.kobaco.co.kr/site/main/advideo/video/uu/860713H01_1_24-TH-07-702
아름다운상상 : 뷰티토탈샵 TV CF,2024-07-11,20.0,서비스,서비스기타,서비스기업PR,주식회사아름다운상상,(주)우일기획,오로지스튜디오,20.02,https://aisac.kobaco.co.kr/site/main/advideo/video/uu/860225H01_1_24-TH-07-350
홍천문화재단 : 제8회 홍천강 별빛음악 2024 맥주축제,2024-07-11,30.0,관공서및단체,관공서및단체기타,관공서및단체기업PR,홍천문화재단,,,30.03,https://aisac.kobaco.co.kr/site/main/advideo/video/uu/860255H01_1_24-HC-07-045
국가보훈부: 또 하나의 국가대표 경찰편,2024-07-11,40.0,관공서및단체,중앙및지방관공서,중앙관공서,국가보훈부,한국언론진흥재단,대홍기획,40.04,https://aisac.kobaco.co.kr/site/main/advideo/video/uu/860270H01_1_24-TH-07-361
메르세데스벤츠코리아 : Maybach 30초,2024-07-11,30.0,수송기기,수입자동차,수입승용차,메르세데스벤츠코리아주식회사,주식회사 에이치에스애드,(주)에이치에스애드,30.03,https://aisac.kobaco.co.kr/site/main/advideo/video/uu/864407H01_1_24-TH-09-922
한국힙합문화협회 : 대전 K힙합 페스티벌,2024-07-11,20.0,관공서및단체,관공서및단체기타,관공서및단체기타,사단법인한국힙합문화협회,(주)딜라이브강남케이블티브이,디아이엠,20.02,https://aisac.kobaco.co.kr/site/main/advideo/video/uu/860250H01_1_24-TH-07-346
에스케이텔레콤 : 갤럭시 Z Fold6,2024-07-11,30.0,컴퓨터및정보통신,통신기기,휴대폰,에스케이텔레콤(주),(주)에스엠컬처앤콘텐츠 광고사업부문,(주)에스엠컬처앤콘텐츠 광고사업부문,30.03,https://aisac.kobaco.co.kr/site/main/advideo/video/uu/860852H01_1_24-TH-07-818
에스케이텔레콤 : 갤럭시 Z Flip6,2024-07-11,30.0,컴퓨터및정보통신,통신기기,휴대폰,에스케이텔레콤(주),(주)에스엠컬처앤콘텐츠 광고사업부문,(주)에스엠컬처앤콘텐츠 광고사업부문,30.03,https://aisac.kobaco.co.kr/site/main/advideo/video/uu/860856H01_1_24-TH-07-817
삼화에프앤디 : 아라치치킨 7월 행사,2024-07-11,15.0,식품,축산품,치킨가공품,주식회사삼화에프앤디,(주)에스비에스엠앤씨,(주)에스비에스엠앤씨,15.02,https://aisac.kobaco.co.kr/site/main/advideo/video/uu/860228H01_1_24-TH-07-349
동국제약 : 인사돌 좋아요편,2024-07-11,15.0,제약및의료,"이비인후,치과및안과용제","이비인후,치과및안과용제기타",동국제약(주),동국헬스케어홀딩스(주),TBWA KOREA(주),15.02,https://aisac.kobaco.co.kr/site/main/advideo/video/uu/867900H01_1_25-TH-01-240
아소비교육 PR : 5-9세 전문교육원편,2024-07-11,15.0,교육및복지후생,교육기관,교육기관기타,(주)아소비교육,직거래,네이버브라더,15.02,https://aisac.kobaco.co.kr/site/main/advideo/video/uu/860218H01_1_24-TH-07-333
아소비교육 PR : 5-9세 전문교육원편,2024-07-11,15.0,교육및복지후생,교육기관,교육기관기타,(주)아소비교육,직거래,네이버브라더,,
농협은행 NH올원뱅크 : 달콤혜택편,2024-07-11,15.0,"금융,보험및증권",금융및보험,은행,농협은행주식회사,(주)딥다이브컴퍼니,뮤지엄컨텐츠,15.02,https://aisac.kobaco.co.kr/site/main/advideo/video/uu/861330H01_1_24-TH-08-055
농협은행 NH올원뱅크 : 달콤혜택편,2024-07-11,15.0,"금융,보험및증권",금융및보험,은행,농협은행주식회사,(주)딥다이브컴퍼니,뮤지엄컨텐츠,15.02,https://aisac.kobaco.co.kr/site/main/advideo/video/uu/861330H01_1_24-TH-08-055
파라미타 굿리치보험마스터 : 간병편,2024-07-11,60.0,"금융,보험및증권",금융및보험,금융및보험제품종합,파라미타,(주)연합뉴스티브이,,60.06,https://aisac.kobaco.co.kr/site/main/advideo/video/uu/860253H01_1_24-HC-07-044
프리드라이프 소비자 만족도 1위 : 장례도 1위답게편,2024-07-11,30.0,서비스,개인서비스,경조서비스,(주)프리드라이프,(주)에스엠컬처앤콘텐츠 광고사업부문,(주)에스엠컬처앤콘텐츠 광고사업부문,15.02,https://aisac.kobaco.co.kr/site/main/advideo/video/uu/860452H01_1_24-TH-07-506
프리드라이프 소비자 만족도 1위 : 장례도 1위답게편,2024-07-11,30.0,서비스,개인서비스,경조서비스,(주)프리드라이프,(주)에스엠컬처앤콘텐츠 광고사업부문,(주)에스엠컬처앤콘텐츠 광고사업부문,15.02,https://aisac.kobaco.co.kr/site/main/advideo/video/uu/860452H01_1_24-TH-07-506
프리드라이프 소비자 만족도 1위 : 장례도 1위답게편,2024-07-11,30.0,서비스,개인서비스,경조서비스,(주)프리드라이프,(주)에스엠컬처앤콘텐츠 광고사업부문,(주)에스엠컬처앤콘텐츠 광고사업부문,15.02,https://aisac.kobaco.co.kr/site/main/advideo/video/uu/860452H01_1_24-TH-07-506
케이티 KT 갤럭시Z6 : KT니까 괜찮아편,2024-07-11,30.0,컴퓨터및정보통신,통신망,이동통신,(주)케이티,(주)제일기획,제일기획,30.03,https://aisac.kobaco.co.kr/site/main/advideo/video/uu/860862H01_1_24-TH-07-825
삼성전자 SKT 갤럭시 Z Flip6 : 육대급 혜택편,2024-07-11,30.0,컴퓨터및정보통신,통신기기,휴대폰,삼성전자(주),(주)제일기획,(주)에스엠컬처앤콘텐츠 광고사업부문,30.03,https://aisac.kobaco.co.kr/site/main/advideo/video/uu/860209H01_1_24-TH-07-327
라메디텍 PURAXELL-ME : or Not편,2024-07-11,15.0,화장품및보건용품,화장도구,"이,미용구",주식회사라메디텍,(주)오리콤,토스트,15.02,https://aisac.kobaco.co.kr/site/main/advideo/video/uu/860213H01_1_24-TH-07-338
청양군 관광 홍보 : 이곳은 청양입니다편,2024-07-11,40.0,관공서및단체,중앙및지방관공서,지방자치단체,청양군청,한국언론진흥재단,한국언론진흥재단,40.04,https://aisac.kobaco.co.kr/site/main/advideo/video/uu/860227H01_1_24-TH-07-351
유니세프 출발점 : 고민시편,2024-07-11,60.0,관공서및단체,단체,민간단체,사단법인유니세프한국위원회,(주)대홍기획,대홍기획,60.06,https://aisac.kobaco.co.kr/site/main/advideo/video/uu/860234H01_1_24-TH-07-345
산청군청 여름밤페스티발 : ON갖 재미편,2024-07-11,20.0,관공서및단체,중앙및지방관공서,지방자치단체,산청군청,(주)연합뉴스티브이,,20.02,https://aisac.kobaco.co.kr/site/main/advideo/video/uu/860249H01_1_24-HC-07-042
유토개발2차 분양 안내 : 힐스테이트 도안리버파크편,2024-07-11,30.0,"건설,건재및부동산","건설,건재및부동산기타","건설,건재및부동산기타",주식회사유토개발2차,(주)클리프커뮤니케이션,스밈사운드,30.03,https://aisac.kobaco.co.kr/site/main/advideo/video/uu/860486H01_1_24-TH-07-526
유토개발2차 분양 안내 : 힐스테이트 도안리버파크편,2024-07-11,30.0,"건설,건재및부동산","건설,건재및부동산기타","건설,건재및부동산기타",주식회사유토개발2차,(주)클리프커뮤니케이션,스밈사운드,30.03,https://aisac.kobaco.co.kr/site/main/advideo/video/uu/860486H01_1_24-TH-07-526
아소비교육 아소비 : 5-9새 전문 교육원편,2024-07-11,15.0,교육및복지후생,교육및복지후생기타,교육및복지후생기타,(주)아소비교육,직거래,네이버브라더,15.02,https://aisac.kobaco.co.kr/site/main/advideo/video/uu/860217H01_1_24-TH-07-332
라이나생명 골라담는간편건강보험 : 전화주세요편,2024-07-11,60.0,"금융,보험및증권",금융및보험,손해보험,라이나,,,60.06,https://aisac.kobaco.co.kr/site/main/advideo/video/uu/860274H01_1_24-HC-07-048
씨제이제일제당 백설 덮밥소스 : 쉿 네이버편,2024-07-11,30.0,식품,대용식품,레토르트,씨제이제일제당(주),(주)에스엠컬처앤콘텐츠 광고사업부문,주식회사 다이나믹콩콩픽쳐스,30.03,https://aisac.kobaco.co.kr/site/main/advideo/video/uu/860272H01_1_24-TH-07-363
국가보훈부 : 국가대표편,2024-07-11,40.0,관공서및단체,중앙및지방관공서,중앙관공서,국가보훈부,한국언론진흥재단,대홍기획,40.04,https://aisac.kobaco.co.kr/site/main/advideo/video/uu/860271H01_1_24-TH-07-360
엘지유플러스 : 안 되냐편,2024-07-11,15.0,컴퓨터및정보통신,통신정보서비스,통신정보서비스기타,(주)엘지유플러스,주식회사 에이치에스애드,오리콤,15.02,https://aisac.kobaco.co.kr/site/main/advideo/video/uu/860260H01_1_24-TH-07-356
삼성전자 SKT 갤럭시 Z Fold6 : 이게 되네편,2024-07-11,30.0,컴퓨터및정보통신,통신기기,휴대폰,삼성전자(주),(주)제일기획,(주)에스엠컬처앤콘텐츠 광고사업부문,30.03,https://aisac.kobaco.co.kr/site/main/advideo/video/uu/860211H01_1_24-TH-07-326
농협은행 NH올원뱅크 : 없나요편,2024-07-11,15.0,"금융,보험및증권",금융및보험,은행,농협은행주식회사,(주)딥다이브컴퍼니,뮤지엄컨텐츠,30.03,https://aisac.kobaco.co.kr/site/main/advideo/video/uu/860395H01_1_24-TH-07-461
농협은행 NH올원뱅크 : 없나요편,2024-07-11,15.0,"금융,보험및증권",금융및보험,은행,농협은행주식회사,(주)딥다이브컴퍼니,뮤지엄컨텐츠,30.03,https://aisac.kobaco.co.kr/site/main/advideo/video/uu/860395H01_1_24-TH-07-461
아르때미디어 구 K2진영점 폐점상품정리 : 초대합니다편,2024-07-11,30.0,유통,유통기타,유통기타,아르떼미디어(Artemedia),(주)서현애드,서현애드,30.03,https://aisac.kobaco.co.kr/site/main/advideo/video/uu/860229H01_1_24-TH-07-348
과학기술정보통신부 : 삼총사편,2024-07-11,40.0,관공서및단체,중앙및지방관공서,중앙관공서,과학기술정보통신부,,,40.04,https://aisac.kobaco.co.kr/site/main/advideo/video/uu/860252H01_1_24-HC-07-043
유토개발2차 힐스테이트 도안리버파크 : 7월 오픈예정편,2024-07-11,15.0,"건설,건재및부동산","건설,건재및부동산기타","건설,건재및부동산기타",주식회사유토개발2차,(주)클리프커뮤니케이션,스밈사운드,15.02,https://aisac.kobaco.co.kr/site/main/advideo/video/uu/860258H01_1_24-TH-07-354
하이트진로 켈리 : 찾은편,2024-07-10,30.0,음료및기호식품,알콜음료,맥주,하이트진로(주),(주)이노션,(주)에이치에스애드,30.03,https://aisac.kobaco.co.kr/site/main/advideo/video/uu/860169H01_1_24-TX-07-024
하이트진로 켈리 : 찾은편,2024-07-10,30.0,음료및기호식품,알콜음료,맥주,하이트진로(주),(주)이노션,(주)에이치에스애드,30.03,https://aisac.kobaco.co.kr/site/main/advideo/video/uu/860169H01_1_24-TX-07-024
하이트진로 켈리 : 찾은편,2024-07-10,15.0,음료및기호식품,알콜음료,맥주,하이트진로(주),(주)이노션,(주)에이치에스애드,30.03,https://aisac.kobaco.co.kr/site/main/advideo/video/uu/860169H01_1_24-TX-07-024
하이트진로 켈리 : 찾은편,2024-07-10,15.0,음료및기호식품,알콜음료,맥주,하이트진로(주),(주)이노션,(주)에이치에스애드,30.03,https://aisac.kobaco.co.kr/site/main/advideo/video/uu/860169H01_1_24-TX-07-024
올랜드 양산점 : 빠지지 않는편,2024-07-10,20.0,유통,유통기타,유통기타,올랜드양산점,주식회사애드넷21,애드넷21,20.02,https://aisac.kobaco.co.kr/site/main/advideo/video/uu/860197H01_1_24-TH-07-313
유한크로락스 센티바 세정살균티슈 : 짠편,2024-07-10,15.0,가정용품,가정용품기타,가정용품기타,(주)유한크로락스,1CD,1CD,15.02,https://aisac.kobaco.co.kr/site/main/advideo/video/uu/860190H01_1_24-TH-07-310
